Stop,NextStop,Direction,Line,Period,AvgVolatilityMinutes
RIA,MUS,Inbound to,Red,Night,4.277996026178613
RIA,MUS,Inbound to,Red,Evening,3.7764008928745505
CHA,DAW,Inbound to,Green,Morning,3.6062445840513924
CHA,STS,Inbound to,Green,Night,3.5473190189525132
DOM,TRY,Outbound to,Green,Morning,3.5355339059327378
CPK,BAW,Outbound to,Green,Morning,3.5237487929129623
KYL,BEL,Outbound to,Red,Evening,3.511963679893186
HAR,MIL,Outbound to,Green,Morning,3.511963679893186
MIL,CHA,Inbound to,Green,Morning,3.4809720864532463
ABB,SDK,Inbound to,Red,Morning,3.247007775835538
FET,RED,Inbound to,Red,Morning,3.1799866060747513
JAM,FOU,Inbound to,Red,Midday,3.0641444942237106
RED,BLA,Inbound to,Red,Morning,3.0059662894539136
DAW,OUP,Inbound to,Green,Evening,3.000061727760009
ABB,SDK,Inbound to,Red,Evening,2.88825475357239
KYL,KIN,Outbound to,Red,Midday,2.8571957831818984
FET,FOR,Outbound to,Red,Morning,2.8284271247461903
STS,OGP,Inbound to,Green,Morning,2.63000844950058
KIN,BLU,Inbound to,Red,Evening,2.626855605161877
RIA,MUS,Inbound to,Red,Midday,2.588770128141103
JAM,FOU,Inbound to,Red,Morning,2.550639618472
CVN,KIN,Inbound to,Red,Evening,2.4912253418154897
COO,KIN,Inbound to,Red,Night,2.4912253418154897
MUS,ABB,Inbound to,Red,Morning,2.480766290662804
JAM,GOL,Outbound to,Red,Evening,2.446348828376867
BAW,CHE,Outbound to,Green,Morning,2.4441555934216357
DAW,HAR,Outbound to,Green,Morning,2.433510147527391
RIA,MUS,Inbound to,Red,Morning,2.4178085671959724
CPK,LEO,Outbound to,Green,Morning,2.399991649484973
STI,GLE,Outbound to,Green,Midday,2.3945591703865805
KYL,GOL,Inbound to,Red,Midday,2.3869608383084473
GLE,BAW,Outbound to,Green,Morning,2.38608191528854
GLE,BAW,Outbound to,Green,Midday,2.347674183968907
CHA,STS,Inbound to,Green,Morning,2.315639516251904
KIL,CPK,Outbound to,Green,Midday,2.314227332858237
HEU,RIA,Outbound to,Red,Midday,2.3127343069822426
CHA,MIL,Outbound to,Green,Evening,2.3047254194934506
KIN,HOS,Outbound to,Red,Morning,2.297148254123431
RAN,STS,Inbound to,Green,Morning,2.2878244129031073
GAL,CCK,Outbound to,Green,Morning,2.283483756988056
BAW,LAU,Outbound to,Green,Midday,2.2811643865445337
MUS,ABB,Inbound to,Red,Midday,2.263106535297786
WES,OUP,Inbound to,Green,Evening,2.2456707853377806
ABB,MYS,Inbound to,Red,Midday,2.2436593721759857
LEO,CCK,Outbound to,Green,Morning,2.2422345977462914
DUN,STI,Outbound to,Green,Evening,2.2336857101776544
WIN,KIL,Outbound to,Green,Morning,2.233302241490395
WES,OUP,Inbound to,Green,Morning,2.202670493053808
LEO,CPK,Inbound to,Green,Morning,2.1802459086585215
FET,KIN,Inbound to,Red,Evening,2.1719717534542964
TRY,STS,Outbound to,Green,Midday,2.162568239128858
FAT,MUS,Inbound to,Red,Midday,2.1461808766214903
HEU,SUI,Outbound to,Red,Morning,2.144890569599194
BEL,RED,Inbound to,Red,Morning,2.1429042493838852
BEE,WIN,Outbound to,Green,Evening,2.139778645407477
KIN,KYL,Inbound to,Red,Morning,2.1377446773395707
RED,BLA,Inbound to,Red,Night,2.1331054565794187
MAR,HAR,Outbound to,Green,Morning,2.1331054565794183
BLU,GOL,Inbound to,Red,Evening,2.1254543334551848
DAW,OGP,Inbound to,Green,Evening,2.121320343559643
DAW,STS,Inbound to,Green,Evening,2.1213203435596424
RED,COO,Outbound to,Red,Midday,2.1213203435596424
COW,BAL,Outbound to,Green,Morning,2.1213203435596424
COW,DUN,Outbound to,Green,Night,2.1095352305398665
FAT,SMI,Inbound to,Red,Morning,2.1095352305398665
GLE,CCK,Outbound to,Green,Morning,2.097750117520091
OUP,PHI,Inbound to,Green,Morning,2.097750117520091
WIN,KIL,Outbound to,Green,Midday,2.08830868539799
MAR,STS,Outbound to,Green,Morning,2.082746584040731
FOU,MYS,Inbound to,Red,Evening,2.0741798914805396
BRI,CCK,Inbound to,Green,Morning,2.073080325756105
RAN,DUN,Outbound to,Green,Morning,2.0623947784607637
RED,BLA,Inbound to,Red,Midday,2.060111673983373
KYL,DRI,Inbound to,Red,Midday,2.0594458425659594
ABB,MYS,Inbound to,Red,Morning,2.0380172423522853
BAW,CHE,Outbound to,Green,Midday,2.0275252316519468
SAN,BAL,Inbound to,Green,Morning,2.023040509044386
DAW,OUP,Inbound to,Green,Morning,2.0191890130646173
KIN,KYL,Inbound to,Red,Night,2.0083390963495
FET,KIN,Inbound to,Red,Midday,2.001155802508329
DRI,FAT,Inbound to,Red,Midday,1.9479261639948522
ABB,SDK,Inbound to,Red,Midday,1.9376173670631354
JAM,SMI,Inbound to,Red,Morning,1.936804510185177
WES,OUP,Inbound to,Green,Night,1.9121397203319894
BEL,RED,Inbound to,Red,Evening,1.910433156062024
DAW,OGP,Inbound to,Green,Morning,1.9051029912812383
JAM,SMI,Inbound to,Red,Midday,1.9002630763377237
WIN,KIL,Outbound to,Green,Evening,1.8997319499027967
BEL,CIT,Outbound to,Red,Evening,1.8848997910292795
DAW,OGP,Inbound to,Green,Night,1.8717873711944324
OGP,DOM,Inbound to,Green,Morning,1.8400752838397068
FAT,MUS,Inbound to,Red,Morning,1.8122776078563292
OGP,DOM,Inbound to,Green,Evening,1.8112457346012194
SAN,BAL,Inbound to,Green,Evening,1.8098957904969941
BEE,WIN,Outbound to,Green,Morning,1.8032308121503544
CHA,COW,Outbound to,Green,Morning,1.794820741788746
BLU,GOL,Inbound to,Red,Morning,1.7935761842901323
SAN,GAL,Outbound to,Green,Midday,1.7913371790059203
GDK,JER,Outbound to,Red,Morning,1.7854446224960325
KYL,GOL,Inbound to,Red,Morning,1.7795520659861446
MAR,DAW,Outbound to,Green,Morning,1.775718649729481
PAR,TRY,Outbound to,Green,Morning,1.7745478882286227
LEO,CCK,Outbound to,Green,Midday,1.7695813485395586
CCK,LEO,Inbound to,Green,Morning,1.766066022981832
STS,CHA,Outbound to,Green,Night,1.7562850101953946
STS,WES,Inbound to,Green,Morning,1.751576029778449
ABB,GDK,Inbound to,Red,Midday,1.749861807478184
MAR,DAW,Outbound to,Green,Evening,1.742148508626096
CHA,COW,Outbound to,Green,Midday,1.7338874648433042
SMI,ABB,Inbound to,Red,Morning,1.731665483908984
DOM,CAB,Inbound to,Green,Night,1.7180311779551
KIN,FET,Outbound to,Red,Evening,1.7057456610055406
TRY,STS,Outbound to,Green,Evening,1.7007492338891785
STI,GLE,Outbound to,Green,Evening,1.7000934356696265
ABB,MYS,Inbound to,Red,Evening,1.6823199755517835
HEU,RIA,Outbound to,Red,Morning,1.6794261586096073
BEL,HOS,Outbound to,Red,Morning,1.6545978287651728
BLA,RIA,Inbound to,Red,Evening,1.6536155673083281
OGP,BRD,Inbound to,Green,Morning,1.6342089489685487
OGP,WES,Inbound to,Green,Evening,1.6308087878830655
BEE,WIN,Outbound to,Green,Midday,1.6303159210946867
OUP,PHI,Inbound to,Green,Night,1.6231756140584648
JER,MUS,Outbound to,Red,Morning,1.6194635028419249
TRY,STS,Outbound to,Green,Morning,1.6170274974931016
HEU,RIA,Outbound to,Red,Evening,1.6112142740099116
ABB,GDK,Inbound to,Red,Evening,1.6089699946742684
BAW,LAU,Outbound to,Green,Morning,1.6002309670724273
TRY,MAR,Outbound to,Green,Evening,1.5965346999789198
STS,CHA,Outbound to,Green,Morning,1.5942152752207057
STS,WES,Inbound to,Green,Night,1.5602706317957935
KIN,COO,Outbound to,Red,Evening,1.543012338645859
BEL,RED,Inbound to,Red,Night,1.5421245566257442
ABB,GDK,Inbound to,Red,Morning,1.5415825664740972
TRY,HAR,Outbound to,Green,Morning,1.5338756237830715
BUS,JER,Outbound to,Red,Evening,1.5257360093968975
KIL,GLE,Outbound to,Green,Morning,1.5240054437542514
BRD,PAR,Outbound to,Green,Morning,1.51843608629015
BLU,RED,Outbound to,Red,Morning,1.516087373704109
BAW,CHE,Outbound to,Green,Evening,1.51174839261212
LEO,LAU,Outbound to,Green,Midday,1.5111928082490678
OGP,WES,Inbound to,Green,Night,1.5093535530644067
KYL,DRI,Inbound to,Red,Morning,1.508258968042377
DAW,HAR,Outbound to,Green,Evening,1.4976427058992088
BAW,LAU,Outbound to,Green,Evening,1.4946703228650249
SUI,JAM,Inbound to,Red,Morning,1.4940338344946607
CHE,LAU,Outbound to,Green,Evening,1.4926941997087386
SUI,JAM,Inbound to,Red,Midday,1.4863374460902388
BEL,RED,Inbound to,Red,Midday,1.4862766750197458
LEO,CCK,Outbound to,Green,Evening,1.4813971591093609
OUP,PHI,Inbound to,Green,Evening,1.4811179249753383
OGP,DOM,Inbound to,Green,Night,1.4674559902510496
CPK,KIL,Inbound to,Green,Morning,1.461005488366501
FOU,GDK,Inbound to,Red,Evening,1.4585385318376929
KIN,KYL,Inbound to,Red,Evening,1.457030135172807
RED,BLU,Inbound to,Red,Evening,1.4561126050460398
RED,BEL,Outbound to,Red,Evening,1.4472971341605287
FOU,GDK,Inbound to,Red,Midday,1.4458742912909124
CCK,CHE,Outbound to,Green,Evening,1.4457206767596127
DUN,STI,Outbound to,Green,Morning,1.4447574216138428
RED,BLU,Inbound to,Red,Midday,1.4406318849208823
KIN,BLU,Inbound to,Red,Midday,1.4377837884126465
BLA,RIA,Inbound to,Red,Night,1.4377837884126465
OGP,PHI,Inbound to,Green,Morning,1.4259986753928708
SMI,JER,Outbound to,Red,Evening,1.4259986753928708
FOU,HEU,Outbound to,Red,Evening,1.4259986753928704
SMI,ABB,Inbound to,Red,Midday,1.4239998189495588
RED,BLU,Inbound to,Red,Morning,1.417256422760134
KIL,WIN,Inbound to,Green,Morning,1.4144999770891427
CPK,SAN,Outbound to,Green,Midday,1.4142381144787621
JAM,FOU,Inbound to,Red,Evening,1.4142135623730951
STI,GAL,Outbound to,Green,Morning,1.4142135623730951
STS,BEE,Outbound to,Green,Morning,1.4142135623730951
MUS,RIA,Outbound to,Red,Morning,1.414213562373095
MIL,BAL,Outbound to,Green,Morning,1.41375335251988
RAN,MIL,Outbound to,Green,Morning,1.4125454915145768
CIT,FET,Inbound to,Red,Evening,1.4114553889889012
STI,BAL,Inbound to,Green,Night,1.409309255744021
KIN,RED,Outbound to,Red,Morning,1.4083210058632072
CHA,STS,Inbound to,Green,Evening,1.4024284493533197
CPK,STI,Outbound to,Green,Midday,1.4024284493533192
BLA,KYL,Inbound to,Red,Morning,1.4024284493533192
PAR,DOM,Outbound to,Green,Evening,1.4024284493533192
GAL,CCK,Outbound to,Green,Midday,1.4024284493533192
HOS,BEL,Outbound to,Red,Morning,1.4024284493533192
GDK,JER,Outbound to,Red,Evening,1.4024284493533192
FET,FOR,Outbound to,Red,Midday,1.402428449353319
FET,FOR,Outbound to,Red,Evening,1.3963934886732001
FOU,MYS,Inbound to,Red,Morning,1.3906433363335438
SAN,BAL,Inbound to,Green,Midday,1.3906433363335435
GDK,MYS,Inbound to,Red,Midday,1.3867689725504337
FOR,FET,Inbound to,Red,Evening,1.3788582233137676
BLU,DRI,Inbound to,Red,Evening,1.376835130589935
DRI,KYL,Outbound to,Red,Evening,1.3752841086204777
SAN,GLE,Outbound to,Green,Evening,1.3702536610998373
TRY,HAR,Outbound to,Green,Evening,1.367073110293992
GOL,BLU,Inbound to,Red,Midday,1.3670731102939917
COW,DUN,Outbound to,Green,Morning,1.3631210505810298
BEL,CIT,Outbound to,Red,Midday,1.3611805537841044
CPK,GAL,Outbound to,Green,Morning,1.3515848790201512
KIN,RED,Outbound to,Red,Evening,1.351261515426791
BEL,HOS,Outbound to,Red,Midday,1.3448972694080918
SMI,HEU,Outbound to,Red,Morning,1.3407738191353813
SUI,JAM,Inbound to,Red,Evening,1.3402182738880748
MIL,BAL,Outbound to,Green,Evening,1.3303132316652844
CCK,CHE,Outbound to,Green,Morning,1.3296261838171057
BEE,DUN,Outbound to,Green,Morning,1.3278326584534867
SAN,CPK,Outbound to,Green,Morning,1.3244364498179497
ABB,FOU,Outbound to,Red,Evening,1.3118707494823354
GAL,BAW,Outbound to,Green,Evening,1.283729127061883
CVN,BEL,Inbound to,Red,Morning,1.2829383322673704
FAT,MUS,Inbound to,Red,Evening,1.2807673563838105
GDK,MYS,Inbound to,Red,Evening,1.2803907969787263
SAN,GLE,Outbound to,Green,Morning,1.2780142910874517
ABB,MYS,Inbound to,Red,Night,1.2668275739828747
SUI,BLU,Outbound to,Red,Morning,1.2666712697047842
LAU,BAW,Inbound to,Green,Morning,1.2661618989749908
GDK,MYS,Inbound to,Red,Morning,1.2654454945724634
BLU,SUI,Inbound to,Red,Morning,1.2633271034733522
FOU,ABB,Inbound to,Red,Morning,1.2621928035463967
SAN,CPK,Outbound to,Green,Midday,1.2582016736225266
HAR,RAN,Outbound to,Green,Morning,1.2542293272077536
CVN,BEL,Inbound to,Red,Midday,1.252100647100014
SAN,CPK,Outbound to,Green,Evening,1.24846053467265
COW,CHA,Inbound to,Green,Morning,1.2464181485593835
JAM,SMI,Inbound to,Red,Night,1.2418158001416642
STI,CPK,Outbound to,Green,Morning,1.2368740519640904
DAW,CHA,Outbound to,Green,Morning,1.2297921748862493
GOL,FAT,Inbound to,Red,Midday,1.229506272504289
HAR,DAW,Inbound to,Green,Morning,1.2291775645886143
JAM,MUS,Inbound to,Red,Morning,1.2250049932776401
BLU,RED,Outbound to,Red,Evening,1.219046436508778
SAN,CPK,Outbound to,Green,Night,1.2187733889332328
KIN,BEL,Inbound to,Red,Morning,1.21178244504989
FOU,GDK,Inbound to,Red,Morning,1.2114799529175497
BEL,HOS,Outbound to,Red,Evening,1.211431992767599
PHI,CAB,Inbound to,Green,Evening,1.2096854640197778
SAG,CVN,Inbound to,Red,Evening,1.207653065216135
RED,BLU,Inbound to,Red,Night,1.2062775432191337
CVN,BEL,Inbound to,Red,Evening,1.2035260349323098
MUS,FOU,Inbound to,Red,Morning,1.198314845875619
CCK,CHE,Outbound to,Green,Midday,1.1982403334329417
BLU,GOL,Inbound to,Red,Midday,1.1942054505610227
FET,BEL,Inbound to,Red,Night,1.1888661731993966
STI,CPK,Outbound to,Green,Evening,1.1863902236658181
JAM,MUS,Inbound to,Red,Midday,1.1848720796775143
STS,CHA,Outbound to,Green,Midday,1.1810070760125877
STS,RAN,Outbound to,Green,Morning,1.1757582265956752
SMI,ABB,Inbound to,Red,Evening,1.1741453477524737
CHE,LAU,Outbound to,Green,Morning,1.1740059401910297
BRD,CAB,Inbound to,Green,Evening,1.1729159935718456
BEL,CVN,Outbound to,Red,Evening,1.1697916187985102
JAM,SMI,Inbound to,Red,Evening,1.1693318467435327
KYL,KIN,Outbound to,Red,Morning,1.1656559927972752
STI,GLE,Outbound to,Green,Morning,1.1561880248119303
BLU,RIA,Inbound to,Red,Midday,1.1549410759380276
FOU,HEU,Outbound to,Red,Midday,1.1547005383792517
SAN,GLE,Outbound to,Green,Midday,1.1525169284435763
GOL,FAT,Inbound to,Red,Morning,1.1494370656135708
BAL,STI,Outbound to,Green,Morning,1.143601605970938
BRD,CAB,Inbound to,Green,Morning,1.1389468349375242
CVN,CIT,Inbound to,Red,Evening,1.135455529406264
KIN,KYL,Inbound to,Red,Midday,1.1331596890955977
CPK,GLE,Outbound to,Green,Morning,1.133035813857685
COO,KIN,Outbound to,Red,Morning,1.130674986866662
BRD,GRA,Inbound to,Green,Morning,1.1297300252079634
GDK,SDK,Inbound to,Red,Midday,1.129030018936753
PHI,CAB,Inbound to,Green,Morning,1.128202902279242
DOM,CAB,Inbound to,Green,Evening,1.1267234870003164
KIN,BEL,Inbound to,Red,Evening,1.1263588995562739
BRD,GRA,Inbound to,Green,Night,1.1243411797367961
STI,BAL,Inbound to,Green,Evening,1.123725625758152
STS,CHA,Outbound to,Green,Evening,1.1189701703198578
KIL,SAN,Outbound to,Green,Morning,1.1182550915961555
STS,HAR,Outbound to,Green,Morning,1.1170912755070557
DUN,WIN,Outbound to,Green,Night,1.116334942436052
FOU,ABB,Inbound to,Red,Evening,1.115664512556409
STS,DAW,Outbound to,Green,Evening,1.1154814461792766
FOU,ABB,Inbound to,Red,Midday,1.1142534283546939
BEE,RAN,Outbound to,Green,Morning,1.1125875736923456
GRA,PHI,Inbound to,Green,Morning,1.1119423252454061
GOL,KYL,Outbound to,Red,Evening,1.1093069859401363
BRD,GRA,Inbound to,Green,Evening,1.1086673956445985
OUP,DOM,Inbound to,Green,Morning,1.107122058387153
RED,KYL,Inbound to,Red,Midday,1.1070645303418256
RED,KYL,Inbound to,Red,Morning,1.1052051585207632
OGP,WES,Inbound to,Green,Morning,1.1050509022347623
BLU,DRI,Inbound to,Red,Midday,1.1040226535168507
COW,DUN,Outbound to,Green,Evening,1.1025643510236256
MYS,SDK,Inbound to,Red,Midday,1.1004354675309134
GLE,STI,Inbound to,Green,Morning,1.0985723058183796
SAN,STI,Inbound to,Green,Midday,1.0983340254664553
RED,BEL,Outbound to,Red,Midday,1.0908263968911347
BLU,RED,Outbound to,Red,Midday,1.0875749695803547
HAR,BEE,Outbound to,Green,Morning,1.0866947817097536
KIN,RED,Inbound to,Red,Evening,1.0835661609729421
DRI,RIA,Inbound to,Red,Morning,1.0827431312283995
GRA,PHI,Inbound to,Green,Evening,1.0823095004013286
KYL,BLA,Inbound to,Red,Morning,1.0795424195675987
MUS,FOU,Inbound to,Red,Midday,1.0793781596622538
TRY,DAW,Outbound to,Green,Evening,1.0782669113155965
HAR,CHA,Outbound to,Green,Morning,1.0779992636592206
RED,KYL,Inbound to,Red,Evening,1.0765897088773346
CCK,CHE,Outbound to,Green,Night,1.074531287521012
RED,COO,Outbound to,Red,Evening,1.072445284799597
CPK,LEO,Outbound to,Green,Evening,1.0711502872080556
SUI,DRI,Inbound to,Red,Evening,1.0704824557767083
SAN,STI,Inbound to,Green,Night,1.069612194440529
STS,HAR,Outbound to,Green,Evening,1.0684518825255112
DRI,RIA,Inbound to,Red,Midday,1.0670389500157087
KIN,RED,Inbound to,Red,Night,1.0630014002764412
STS,HAR,Outbound to,Green,Midday,1.0620362464390016
CPK,GAL,Outbound to,Green,Evening,1.0609656749671446
KIL,SAN,Outbound to,Green,Evening,1.059736889760514
MYS,SDK,Inbound to,Red,Evening,1.0578423687686753
KIN,RED,Inbound to,Red,Morning,1.0563815810384447
CPK,SAN,Inbound to,Green,Midday,1.0558971797608707
CPK,SAN,Inbound to,Green,Evening,1.053087291861661
MUS,JAM,Outbound to,Red,Midday,1.0520935621206984
STI,CPK,Outbound to,Green,Midday,1.0512106990266745
STS,HAR,Outbound to,Green,Night,1.051187949309851
DRI,FAT,Inbound to,Red,Morning,1.0494592735266066
SAN,STI,Inbound to,Green,Morning,1.0485689189049736
BAL,STI,Outbound to,Green,Evening,1.047822322892949
MUS,SMI,Inbound to,Red,Morning,1.0459044495491754
TRY,MAR,Outbound to,Green,Morning,1.0456500852707777
CPK,SAN,Inbound to,Green,Morning,1.0452784212203103
STS,DAW,Outbound to,Green,Morning,1.0450365833639563
MIL,DUN,Outbound to,Green,Morning,1.0443813832367754
JAM,MUS,Inbound to,Red,Evening,1.040720293855661
DOM,PHI,Inbound to,Green,Night,1.039897821461622
CHE,CCK,Inbound to,Green,Morning,1.0365608017197991
BEL,COO,Outbound to,Red,Evening,1.0363504976946234
MAR,TRY,Outbound to,Green,Morning,1.0347964384189965
HAR,BEE,Outbound to,Green,Evening,1.034179711819677
DOM,BRD,Inbound to,Green,Morning,1.0339412746987717
OUP,GRA,Inbound to,Green,Night,1.0322666612681823
FOR,CVN,Inbound to,Red,Evening,1.031565161395633
BLA,SUI,Inbound to,Red,Morning,1.0299091850734663
WIN,BAL,Outbound to,Green,Morning,1.029655379565856
SAN,STI,Inbound to,Green,Evening,1.0291509864443698
WES,DAW,Inbound to,Green,Morning,1.0279703003376612
SAN,GAL,Outbound to,Green,Morning,1.027810000832144
MYS,SDK,Inbound to,Red,Morning,1.0274012798111472
ABB,GDK,Inbound to,Red,Night,1.0273948663972021
GOL,BLA,Inbound to,Red,Morning,1.0265966434623028
DAW,STS,Outbound to,Green,Morning,1.0264093235527338
KIN,RED,Inbound to,Red,Midday,1.0242880712934639
GRA,PHI,Inbound to,Green,Midday,1.023511464708662
HAR,CHA,Outbound to,Green,Evening,1.022134584161066
WIN,STI,Outbound to,Green,Morning,1.0213009133235686
RED,KIN,Outbound to,Red,Evening,1.0200993466887638
TRY,DAW,Outbound to,Green,Midday,1.0198927003197367
CON,BUS,Outbound to,Red,Morning,1.0191626907961089
JAM,RIA,Inbound to,Red,Morning,1.016435930760815
BEL,COO,Outbound to,Red,Morning,1.0158989525796316
BEL,KIN,Inbound to,Red,Evening,1.0149086151385829
GLE,BAW,Outbound to,Green,Evening,1.0142373681984589
BRD,GRA,Inbound to,Green,Midday,1.014213197629533
MUS,FOU,Inbound to,Red,Evening,1.0122976960672125
ABB,BUS,Inbound to,Red,Morning,1.0094365382688568
CPK,SAN,Inbound to,Green,Night,1.0091639951582092
SMI,GDK,Inbound to,Red,Morning,1.0079859768228885
MUS,SMI,Inbound to,Red,Midday,1.0062665026905575
STI,BAL,Inbound to,Green,Morning,1.0055462240335342
SMI,HEU,Outbound to,Red,Midday,1.0051438692312786
RED,KIN,Outbound to,Red,Morning,1.0027540971320144
BLU,SUI,Inbound to,Red,Midday,1.0023048785487627
DOM,PHI,Inbound to,Green,Morning,1.0008210380056366
JAM,HEU,Outbound to,Red,Midday,1.0000462952246723
MUS,JAM,Outbound to,Red,Evening,0.9996506956799602
BRD,CAB,Inbound to,Green,Night,0.9983681506467041
DAW,STS,Outbound to,Green,Evening,0.9978753176048462
GLE,LEO,Outbound to,Green,Morning,0.9965316161980396
TAL,HOS,Inbound to,Red,Evening,0.995705739295109
STI,BAL,Inbound to,Green,Midday,0.9950016435842827
MAR,TRY,Outbound to,Green,Midday,0.9949325580453019
HAR,COW,Outbound to,Green,Morning,0.9939251409915215
SUI,BLA,Inbound to,Red,Morning,0.9917717031207894
JAM,DRI,Outbound to,Red,Morning,0.9917717031207893
KIN,COO,Outbound to,Red,Morning,0.9916046789257447
BAW,LEO,Outbound to,Green,Morning,0.9915062250672113
KYL,KIN,Outbound to,Red,Evening,0.988035429918412
TRY,DAW,Outbound to,Green,Morning,0.9876086843571971
JER,SMI,Outbound to,Red,Midday,0.9873897521766949
GDK,SDK,Inbound to,Red,Morning,0.986753261104907
CPK,GLE,Outbound to,Green,Midday,0.9867314983626531
BAL,MIL,Inbound to,Green,Night,0.9863301791095225
MAR,TRY,Outbound to,Green,Evening,0.9862236863507765
HAR,STS,Outbound to,Green,Midday,0.9858239048885463
ABB,FOU,Outbound to,Red,Morning,0.9852534334458247
CPK,GLE,Outbound to,Green,Evening,0.9846635805186617
BAL,STI,Outbound to,Green,Midday,0.9844924359580162
COO,BEL,Outbound to,Red,Evening,0.9833804131855776
GAL,CPK,Outbound to,Green,Evening,0.9807758644544106
GOL,JAM,Inbound to,Red,Midday,0.9806072020977679
MUS,SMI,Outbound to,Red,Morning,0.9795548875779131
PAR,TRY,Outbound to,Green,Evening,0.9774828549417707
SAG,CIT,Inbound to,Red,Midday,0.9736395983711641
SUI,BLU,Outbound to,Red,Evening,0.9733451990035515
KIL,CPK,Outbound to,Green,Morning,0.9731387305064851
BAL,STI,Outbound to,Green,Night,0.9699031524917617
BRD,CAB,Inbound to,Green,Midday,0.9697645602184485
RED,KYL,Inbound to,Red,Night,0.9685083620731937
BEL,COO,Outbound to,Red,Midday,0.9681517521685642
RED,BEL,Outbound to,Red,Morning,0.9678037320170703
OUP,DOM,Inbound to,Green,Evening,0.9654367840034797
OGP,BRD,Inbound to,Green,Night,0.9647850461036309
KIL,DUN,Outbound to,Green,Evening,0.9628636879026446
GRA,PHI,Inbound to,Green,Night,0.9626152335093242
DOM,BRD,Inbound to,Green,Evening,0.9618473951537362
BEL,KIN,Outbound to,Red,Evening,0.9612962108031545
DOM,PHI,Inbound to,Green,Evening,0.9603951092594833
DAW,STS,Outbound to,Green,Midday,0.9599032053939224
BEL,COO,Outbound to,Red,Night,0.9598116649176212
RED,KIN,Outbound to,Red,Midday,0.9594720029847569
DUN,COW,Inbound to,Green,Morning,0.9555878547512774
FOU,ABB,Inbound to,Red,Night,0.9540242660385534
KIL,SAN,Inbound to,Green,Morning,0.9533930633969041
RAN,MIL,Outbound to,Green,Evening,0.9532959394375642
TPT,SDK,Outbound to,Red,Evening,0.9532425660329622
SMI,FOU,Inbound to,Red,Midday,0.9525421954558936
WES,OGP,Inbound to,Green,Evening,0.9524269414927695
STI,SAN,Outbound to,Green,Evening,0.9523563811642394
OUP,GRA,Inbound to,Green,Morning,0.9519084450044607
RIA,JAM,Outbound to,Red,Evening,0.9502801731107555
DOM,BRD,Inbound to,Green,Night,0.949008201868474
SAN,KIL,Inbound to,Green,Evening,0.9481635694170667
BEL,FET,Outbound to,Red,Morning,0.9478392151039994
HAR,CHA,Outbound to,Green,Midday,0.9477583912144696
RED,BEL,Outbound to,Red,Night,0.947352548870721
DAW,WES,Inbound to,Green,Evening,0.9471508139829998
RED,KIN,Outbound to,Red,Night,0.9469216066040701
LEO,LAU,Outbound to,Green,Evening,0.9461009140033518
KYL,BLA,Inbound to,Red,Midday,0.9457189985347805
JER,SMI,Outbound to,Red,Evening,0.9441482450271713
RIA,GOL,Inbound to,Red,Evening,0.9430545328091329
DAW,STS,Outbound to,Green,Night,0.9429013026664911
OUP,OGP,Inbound to,Green,Evening,0.9410598772307931
MAR,TRY,Outbound to,Green,Night,0.9391755658602198
BAL,STI,Inbound to,Green,Morning,0.9388108120067327
TRY,DAW,Outbound to,Green,Night,0.9381869719379151
WES,OGP,Inbound to,Green,Morning,0.9363795447910772
FAT,SUI,Inbound to,Red,Morning,0.9357819845897418
CPK,SAN,Outbound to,Green,Morning,0.9340415788082481
COO,HOS,Outbound to,Red,Morning,0.9338072466141183
HAR,CHA,Outbound to,Green,Night,0.9328710061909065
SAN,KIL,Inbound to,Green,Midday,0.9311789433617544
CHA,HAR,Inbound to,Green,Night,0.931062830040411
GOL,DRI,Outbound to,Red,Night,0.9286271340124609
SDK,MYS,Inbound to,Red,Midday,0.9278921412225748
HAR,RAN,Outbound to,Green,Evening,0.926071188923024
TPT,SDK,Outbound to,Red,Night,0.9240648364898473
DOM,CAB,Inbound to,Green,Morning,0.9235470389225574
KIL,SAN,Outbound to,Green,Midday,0.9235279674452331
SMI,FOU,Inbound to,Red,Morning,0.9233982358672632
COO,HOS,Outbound to,Red,Evening,0.9230178815544513
LAU,CCK,Outbound to,Green,Midday,0.922944702068831
BAL,WIN,Outbound to,Green,Morning,0.9215245762863887
SAN,KIL,Inbound to,Green,Night,0.9214822005947648
ABB,JER,Outbound to,Red,Morning,0.9211300791377107
CPK,SAN,Outbound to,Green,Evening,0.9209366068538769
CIT,FOR,Outbound to,Red,Evening,0.920348788009973
GAL,BAW,Outbound to,Green,Morning,0.9199073670718363
FOU,MUS,Outbound to,Red,Morning,0.9195802581877811
OGP,OUP,Inbound to,Green,Morning,0.9194975541713649
BRI,CHE,Inbound to,Green,Evening,0.9194003139862098
DAW,WES,Inbound to,Green,Midday,0.9176902250270865
JAM,FAT,Inbound to,Red,Midday,0.9169742920882474
DAW,WES,Inbound to,Green,Night,0.9169639265991534
BLA,BLU,Inbound to,Red,Morning,0.9146494088982721
FET,KIN,Inbound to,Red,Morning,0.9143072945198768
CHA,HAR,Inbound to,Green,Midday,0.9124393829017262
CHA,HAR,Inbound to,Green,Evening,0.9108385486086833
LEO,LAU,Outbound to,Green,Morning,0.90982946499621
CHA,RAN,Outbound to,Green,Morning,0.9097866143963517
BEE,HAR,Inbound to,Green,Morning,0.9094148885576572
PHI,CAB,Inbound to,Green,Midday,0.9089260370363412
BEL,KIN,Inbound to,Red,Morning,0.9079019696001621
STI,SAN,Outbound to,Green,Night,0.9078803719000929
BEL,KIN,Inbound to,Red,Midday,0.906837996127862
PHI,CAB,Inbound to,Green,Night,0.9057079073216304
GAL,BAW,Outbound to,Green,Midday,0.9052483570799786
ABB,JER,Outbound to,Red,Evening,0.904269947486021
CHA,HAR,Inbound to,Green,Morning,0.9039326691098375
BEL,CVN,Outbound to,Red,Midday,0.9023613964964047
DAW,WES,Inbound to,Green,Morning,0.9021275366743149
WES,OGP,Inbound to,Green,Midday,0.90081724840854
OGP,OUP,Inbound to,Green,Evening,0.9007834925995113
BUS,ABB,Outbound to,Red,Morning,0.8988086165595423
CHA,HAR,Outbound to,Green,Morning,0.8978664792090946
TPT,SDK,Outbound to,Red,Midday,0.8972309809866363
DOM,BRD,Inbound to,Green,Midday,0.8965256404806485
DOM,CAB,Inbound to,Green,Midday,0.895605455497743
GOL,JAM,Inbound to,Red,Evening,0.895605225016951
BLA,BLU,Inbound to,Red,Midday,0.8948397772555261
SDK,GDK,Inbound to,Red,Midday,0.8939420260530244
GLE,GAL,Outbound to,Green,Morning,0.8938224730006118
SMI,FOU,Inbound to,Red,Evening,0.8932962502971035
BEL,FET,Outbound to,Red,Evening,0.8924526618167015
CON,BUS,Outbound to,Red,Midday,0.8923077486904144
FET,BEL,Inbound to,Red,Evening,0.8922879940087283
STI,SAN,Outbound to,Green,Morning,0.8922683676060421
BLA,SUI,Inbound to,Red,Midday,0.8918831192362494
PHI,GRA,Outbound to,Green,Night,0.8915588373092339
CPK,GAL,Outbound to,Green,Midday,0.8909359119979304
PHI,GRA,Outbound to,Green,Midday,0.8906609512718943
ABB,JER,Outbound to,Red,Midday,0.8902777398129876
BRI,CHE,Inbound to,Green,Night,0.8897585645187117
SUI,GOL,Outbound to,Red,Morning,0.8887962117810866
PHI,GRA,Outbound to,Green,Evening,0.8883969264024989
FOR,CIT,Outbound to,Red,Evening,0.8873274118444796
CON,BUS,Outbound to,Red,Evening,0.8856723137457304
COO,HOS,Outbound to,Red,Midday,0.8850683370194221
GOL,DRI,Outbound to,Red,Morning,0.8826114242569579
BEL,HOS,Outbound to,Red,Night,0.881632787862
CPK,GLE,Outbound to,Green,Night,0.8801110501799675
CPK,LEO,Outbound to,Green,Midday,0.8770506215572612
RIA,FAT,Inbound to,Red,Evening,0.8768109155075849
DUN,BAL,Outbound to,Green,Morning,0.8760866776907859
TAL,HOS,Inbound to,Red,Night,0.874867824619589
SAG,CIT,Inbound to,Red,Evening,0.8741081978113481
MUS,SMI,Inbound to,Red,Evening,0.8738664230643751
BEL,KIN,Inbound to,Red,Night,0.8711629071641903
BRI,CHE,Inbound to,Green,Morning,0.871019996498001
RAN,WIN,Outbound to,Green,Morning,0.8707628795701389
GOL,DRI,Outbound to,Red,Evening,0.8697968431534648
SAN,KIL,Inbound to,Green,Morning,0.8693339370874408
JAM,FAT,Inbound to,Red,Morning,0.8692399163294718
SAG,FOR,Inbound to,Red,Evening,0.8683647867415372
HAR,RAN,Outbound to,Green,Midday,0.8683638733102055
GOL,DRI,Outbound to,Red,Midday,0.8683259888409721
CCK,BAW,Outbound to,Green,Evening,0.866785810115883
WES,OGP,Inbound to,Green,Night,0.8648903197160026
FOU,MUS,Outbound to,Red,Evening,0.8646213952375305
GAL,LEO,Outbound to,Green,Morning,0.8634563971949805
STI,SAN,Outbound to,Green,Midday,0.8622411789727936
JAM,MUS,Inbound to,Red,Night,0.8605134838562593
KIL,STI,Outbound to,Green,Evening,0.8591909716515359
GOL,SUI,Inbound to,Red,Morning,0.8591073966391504
OUP,DOM,Inbound to,Green,Night,0.8590654315371923
PHI,GRA,Outbound to,Green,Morning,0.8576590326294093
OUP,BRD,Inbound to,Green,Night,0.8572400120722442
SUI,GOL,Outbound to,Red,Night,0.856487372564333
FET,CIT,Outbound to,Red,Evening,0.8558429665000533
FOU,SMI,Outbound to,Red,Night,0.8558110853987912
STS,HAR,Inbound to,Green,Morning,0.8556948528387098
BRI,CHE,Inbound to,Green,Midday,0.8556043862325544
DRI,BLU,Outbound to,Red,Morning,0.8550012259368215
HAR,STS,Inbound to,Green,Morning,0.854461592400353
MUS,JAM,Inbound to,Red,Evening,0.8536459746140654
COW,WIN,Outbound to,Green,Morning,0.8533213891819802
OUP,DOM,Inbound to,Green,Midday,0.8530735569826394
DRI,GOL,Inbound to,Red,Morning,0.8525108910691359
SUI,GOL,Outbound to,Red,Evening,0.8523550393969561
GAL,CCK,Outbound to,Green,Evening,0.8519709605965302
RED,COO,Outbound to,Red,Morning,0.8511361536959503
KIN,COO,Outbound to,Red,Midday,0.8504922876466069
GLE,LEO,Outbound to,Green,Evening,0.849077393581218
DRI,BLA,Inbound to,Red,Morning,0.848346900092044
TAL,HOS,Inbound to,Red,Midday,0.8465994652762387
PAR,MAR,Outbound to,Green,Morning,0.8461031741691961
RIA,FAT,Inbound to,Red,Night,0.845539824527043
DRI,BLU,Outbound to,Red,Night,0.8445751644093872
GRA,BRD,Outbound to,Green,Evening,0.8436540601580065
STI,KIL,Inbound to,Green,Morning,0.8423467869810595
JAM,RIA,Outbound to,Red,Evening,0.8400149921369295
HEU,JAM,Outbound to,Red,Night,0.8388499021673095
SUI,RIA,Inbound to,Red,Night,0.8387379282257045
COO,HOS,Outbound to,Red,Night,0.8387212381660007
GOL,SUI,Inbound to,Red,Night,0.8379964942348647
JAM,RIA,Outbound to,Red,Night,0.837785184377657
STI,KIL,Inbound to,Green,Midday,0.8370613342019944
HEU,JAM,Outbound to,Red,Evening,0.8367214756060715
STI,KIL,Inbound to,Green,Evening,0.834797163471383
TPT,SDK,Outbound to,Red,Morning,0.8344234331290873
FOU,SMI,Outbound to,Red,Morning,0.8339583875433686
KIN,BEL,Outbound to,Red,Evening,0.8336465397776358
KYL,RED,Outbound to,Red,Evening,0.833032601416081
BRO,CAB,Outbound to,Green,Evening,0.832924521785313
SUI,GOL,Outbound to,Red,Midday,0.83277950028379
DOM,PHI,Inbound to,Green,Midday,0.8319801826136786
KIN,BEL,Outbound to,Red,Morning,0.8319611914412226
SAN,GLE,Outbound to,Green,Night,0.8311676554350612
SMI,MUS,Inbound to,Red,Midday,0.8306995104149036
CHA,COW,Outbound to,Green,Evening,0.8300533571352012
FET,BEL,Inbound to,Red,Midday,0.8299971881375358
HEU,JAM,Outbound to,Red,Midday,0.8290927349007648
GDK,ABB,Inbound to,Red,Morning,0.8290317411201763
HAR,STS,Inbound to,Green,Evening,0.8287749357324569
ABB,JER,Outbound to,Red,Night,0.8287191967079887
RIA,FAT,Inbound to,Red,Midday,0.8284894772440218
KIL,BAL,Inbound to,Green,Night,0.8254739283926944
RIA,FAT,Inbound to,Red,Morning,0.8250093641058819
GOL,SUI,Inbound to,Red,Midday,0.8240358367076913
KYL,BLU,Inbound to,Red,Midday,0.8240077466569716
KYL,BLU,Inbound to,Red,Morning,0.8240032169799818
CIT,FOR,Outbound to,Red,Midday,0.8223240631696845
STI,CPK,Outbound to,Green,Night,0.8216333850750132
SUI,RIA,Inbound to,Red,Morning,0.8201525680791705
ABB,BUS,Inbound to,Red,Midday,0.8200500845538975
FOR,CIT,Outbound to,Red,Morning,0.8176267532920773
CVN,CIT,Outbound to,Red,Evening,0.8176141950746132
RAN,CHA,Inbound to,Green,Morning,0.8169815604915946
SMI,MUS,Inbound to,Red,Night,0.8165391056839293
HAR,STS,Inbound to,Green,Night,0.8163522604661404
GDK,MYS,Inbound to,Red,Night,0.8160785544878751
BLA,DRI,Inbound to,Red,Night,0.8157922624724462
CVN,FET,Outbound to,Red,Evening,0.8146662820894471
KIL,STI,Outbound to,Green,Morning,0.8143049122847994
HEU,JAM,Outbound to,Red,Morning,0.8141027190420164
KIN,BEL,Inbound to,Red,Midday,0.8140784559592907
FOU,SMI,Outbound to,Red,Evening,0.8138904052197937
WIN,COW,Outbound to,Green,Morning,0.8116243513724344
HAR,STS,Inbound to,Green,Midday,0.8113452185637717
DUN,MIL,Inbound to,Green,Evening,0.811177901855842
MIL,BEE,Outbound to,Green,Evening,0.8097782046589922
SDK,GDK,Inbound to,Red,Morning,0.8089774066341064
GOL,SUI,Inbound to,Red,Evening,0.8083870260506913
JER,FOU,Outbound to,Red,Evening,0.8076937574208042
SMI,ABB,Inbound to,Red,Night,0.8068815364682829
HAR,STS,Outbound to,Green,Evening,0.806479955249232
DRI,GOL,Inbound to,Red,Midday,0.8056152115654654
BAL,SAN,Outbound to,Green,Midday,0.8054335063427609
OGP,OUP,Inbound to,Green,Midday,0.8051188282071974
MYS,GDK,Inbound to,Red,Midday,0.8049284804086022
BAL,MIL,Inbound to,Green,Morning,0.8048697653731115
BLU,DRI,Inbound to,Red,Morning,0.8045556646658604
MYS,GDK,Outbound to,Red,Night,0.804502130746008
BUS,ABB,Outbound to,Red,Evening,0.8044063474457449
DRI,GOL,Inbound to,Red,Night,0.804075583181392
STI,KIL,Outbound to,Green,Morning,0.8023893740832293
DOM,GRA,Inbound to,Green,Evening,0.8017748183012465
BLU,RED,Outbound to,Red,Night,0.8014824582711125
DOM,PAR,Outbound to,Green,Midday,0.8008866357361667
KIL,DUN,Outbound to,Green,Morning,0.8006291992233887
COW,BEE,Inbound to,Green,Night,0.8004260002702432
GLE,GAL,Outbound to,Green,Evening,0.8000785685417294
GRA,BRD,Outbound to,Green,Night,0.7996911102206777
DAW,HAR,Outbound to,Green,Midday,0.7985760879344312
DOM,GRA,Inbound to,Green,Morning,0.7980972270258888
HOS,BEL,Inbound to,Red,Night,0.7978262903543651
CHA,MIL,Outbound to,Green,Morning,0.7970650730657722
KIL,BAL,Inbound to,Green,Morning,0.7968418940940873
FOU,SMI,Outbound to,Red,Midday,0.7964516168792942
DRI,GOL,Inbound to,Red,Evening,0.7954642416834292
BLU,KYL,Outbound to,Red,Morning,0.7954605602759324
OUP,BRD,Inbound to,Green,Evening,0.7951880716751814
JAM,RIA,Outbound to,Red,Morning,0.794352825376308
BLA,KYL,Inbound to,Red,Midday,0.7928234004232635
GAL,GLE,Outbound to,Green,Evening,0.790735160009834
CHE,LAU,Outbound to,Green,Midday,0.7901872561564572
KYL,RED,Outbound to,Red,Midday,0.7900684757810642
DRI,BLU,Outbound to,Red,Evening,0.7891449300716504
RAN,CHA,Inbound to,Green,Night,0.7891113148795686
JAM,RIA,Outbound to,Red,Midday,0.7890379889688757
COW,BEE,Inbound to,Green,Morning,0.7885460737658675
CIT,FOR,Outbound to,Red,Morning,0.785848592836975
SDK,MYS,Outbound to,Red,Night,0.7852933669305816
GRA,BRD,Outbound to,Green,Midday,0.7852418435777327
RAN,BEE,Outbound to,Green,Morning,0.7851788419908626
SAG,CIT,Inbound to,Red,Morning,0.7850974056340366
DOM,PAR,Outbound to,Green,Evening,0.7846841617089932
COO,KIN,Inbound to,Red,Evening,0.7846345598193172
BLA,BLU,Inbound to,Red,Evening,0.7845143035614058
SDK,MYS,Inbound to,Red,Evening,0.7841239754965609
ABB,BUS,Inbound to,Red,Evening,0.7839309139700313
STS,DAW,Inbound to,Green,Evening,0.7839086114869801
BLU,KYL,Outbound to,Red,Midday,0.7836486997605107
RAN,CHA,Inbound to,Green,Midday,0.783308165953947
GOL,BLA,Inbound to,Red,Midday,0.7820952954101285
JER,FOU,Outbound to,Red,Midday,0.7819025237928766
GRA,BRD,Outbound to,Green,Morning,0.7814031788640124
DAW,STS,Inbound to,Green,Morning,0.7811839294431192
FOR,CIT,Inbound to,Red,Night,0.7804319791462124
SMI,FOU,Inbound to,Red,Night,0.7801847920743064
BLU,KYL,Outbound to,Red,Evening,0.7796098153986393
MYS,ABB,Outbound to,Red,Morning,0.7791566574458259
DOM,PAR,Outbound to,Green,Morning,0.778460712286165
KYL,BLA,Inbound to,Red,Evening,0.7770701863173035
OUP,BRD,Inbound to,Green,Morning,0.7768228417040548
CON,ABB,Outbound to,Red,Morning,0.7761410165143178
BEL,FET,Outbound to,Red,Midday,0.7754024453367534
BEE,COW,Outbound to,Green,Morning,0.7752722459168048
GAL,LEO,Outbound to,Green,Night,0.7743098888129042
CHA,RAN,Outbound to,Green,Evening,0.7741852523933136
BUS,ABB,Outbound to,Red,Midday,0.7729261895097456
DRI,BLU,Outbound to,Red,Midday,0.7728194532820162
RAN,HAR,Inbound to,Green,Night,0.772727961620639
BLA,DRI,Inbound to,Red,Morning,0.7723098745187283
HOS,COO,Outbound to,Red,Morning,0.7718255473431284
BLU,KYL,Inbound to,Red,Morning,0.7709776572411001
CAB,PHI,Outbound to,Green,Evening,0.7705231594718903
HAR,RAN,Outbound to,Green,Night,0.7699441104400901
BLA,DRI,Inbound to,Red,Midday,0.7672815290654883
STI,KIL,Inbound to,Green,Night,0.7670435351692565
KIN,BEL,Outbound to,Red,Midday,0.7660826993228745
BEL,KYL,Inbound to,Red,Evening,0.7660323462854264
CON,ABB,Outbound to,Red,Evening,0.7658131262005664
COW,MIL,Outbound to,Green,Morning,0.7628773457966979
OUP,GRA,Inbound to,Green,Evening,0.7625778752110051
GOL,JAM,Inbound to,Red,Morning,0.7621354244637524
OUP,OGP,Inbound to,Green,Morning,0.7618941112193932
KIL,STI,Outbound to,Green,Midday,0.7612863963268007
GLE,GAL,Outbound to,Green,Midday,0.7607565498721752
FOU,MUS,Outbound to,Red,Midday,0.7604395663947402
HOS,BEL,Inbound to,Red,Midday,0.760438235992392
JAM,HEU,Outbound to,Red,Evening,0.7600515424810017
BRD,DOM,Outbound to,Green,Evening,0.7592139930472276
GAL,LEO,Outbound to,Green,Midday,0.7591671159818837
MYS,GDK,Outbound to,Red,Evening,0.7590523787825797
LAU,CHE,Outbound to,Green,Morning,0.7581134099726855
BAW,CCK,Outbound to,Green,Morning,0.756216979400488
COW,BEE,Inbound to,Green,Evening,0.7557464564924805
SUI,RIA,Inbound to,Red,Evening,0.7554703068984905
DUN,BAL,Outbound to,Green,Night,0.754883214231886
DAW,OGP,Inbound to,Green,Midday,0.7542472332656506
FET,RED,Inbound to,Red,Evening,0.7542472332656506
STS,DAW,Inbound to,Green,Night,0.7540664752921661
SUI,RIA,Inbound to,Red,Midday,0.7537599157477426
PAR,MAR,Outbound to,Green,Evening,0.7528369824319149
COW,BEE,Inbound to,Green,Midday,0.7513452125090302
DUN,BAL,Outbound to,Green,Evening,0.7505943195326402
CIT,CVN,Inbound to,Red,Night,0.7500000000000001
MIL,WIN,Outbound to,Green,Morning,0.7496659330096731
BLA,RIA,Inbound to,Red,Morning,0.7491635084825764
SUI,DRI,Inbound to,Red,Morning,0.7482291930564733
HAR,DAW,Outbound to,Green,Morning,0.7478766612487762
GRA,CAB,Inbound to,Green,Morning,0.7471366857201248
GAL,LEO,Outbound to,Green,Evening,0.7470922682610914
JER,SMI,Outbound to,Red,Morning,0.7468454699316323
COO,BEL,Inbound to,Red,Evening,0.7456102414238642
KIL,STI,Outbound to,Green,Night,0.7455603782593098
STS,DAW,Inbound to,Green,Morning,0.745406436245788
BLU,KYL,Outbound to,Red,Night,0.7447494807560687
SMI,HEU,Outbound to,Red,Evening,0.7433909310148631
PAR,MAR,Outbound to,Green,Midday,0.7428663081888004
DRI,SUI,Outbound to,Red,Midday,0.7424629199432876
STI,WIN,Inbound to,Green,Morning,0.7424621202458752
BAL,GLE,Outbound to,Green,Morning,0.7424621202458751
MUS,ABB,Inbound to,Red,Evening,0.7424621202458744
BLA,DRI,Inbound to,Red,Evening,0.7422468319557505
SDK,MYS,Outbound to,Red,Evening,0.7420834011398206
KYL,BLU,Inbound to,Red,Evening,0.7420072673237561
RIA,SUI,Outbound to,Red,Evening,0.7411450396646068
TAL,HOS,Inbound to,Red,Morning,0.7410916969061222
RIA,SUI,Outbound to,Red,Night,0.740947535184424
KIN,BEL,Outbound to,Red,Night,0.7408127241129211
STS,DAW,Inbound to,Green,Midday,0.7406540920679933
RAN,CHA,Inbound to,Green,Evening,0.7402582042751834
BLU,BLA,Inbound to,Red,Evening,0.7385459409966214
BRO,CAB,Outbound to,Green,Night,0.7377906358571339
GOL,KYL,Outbound to,Red,Midday,0.7377905554014006
GDK,ABB,Outbound to,Red,Night,0.7372127363366049
KIL,BAL,Inbound to,Green,Midday,0.736081220837621
OGP,OUP,Inbound to,Green,Night,0.7358415243174682
DUN,BAL,Outbound to,Green,Midday,0.7316129464959147
WIN,BAL,Outbound to,Green,Evening,0.7314426927697204
SDK,MYS,Inbound to,Red,Morning,0.7311049202368908
BEE,DUN,Outbound to,Green,Evening,0.7306770072260992
BEL,CVN,Inbound to,Red,Evening,0.730677007226099
SDK,MYS,Outbound to,Red,Morning,0.7304572281758178
GDK,ABB,Outbound to,Red,Evening,0.7297360835545649
FET,BEL,Inbound to,Red,Morning,0.7290589120999209
FET,CVN,Outbound to,Red,Morning,0.7287748884826986
RIA,SUI,Outbound to,Red,Midday,0.728571463389584
BLU,KYL,Inbound to,Red,Midday,0.7277064650314324
CIT,FET,Inbound to,Red,Morning,0.7251541742103773
DOM,GRA,Inbound to,Green,Midday,0.7249059161168913
RED,BLA,Inbound to,Red,Evening,0.724784450716211
CVN,CIT,Outbound to,Red,Morning,0.724354763983426
HOS,COO,Inbound to,Red,Midday,0.7239734514816899
RIA,GOL,Inbound to,Red,Midday,0.7227659477756729
LEO,GAL,Inbound to,Green,Morning,0.722718942857477
MYS,GDK,Inbound to,Red,Morning,0.7225706602393801
LEO,GAL,Inbound to,Green,Evening,0.7222188022754102
MYS,SDK,Inbound to,Red,Night,0.7211617506312549
GDK,ABB,Inbound to,Red,Midday,0.7204765217743303
RAN,COW,Outbound to,Green,Morning,0.7204626768306783
FAT,JAM,Inbound to,Red,Midday,0.719816333990276
BRO,CAB,Outbound to,Green,Midday,0.7197676777031911
DOM,MAR,Outbound to,Green,Evening,0.7188918942063236
KIL,MIL,Inbound to,Green,Morning,0.7188918942063236
BLU,RED,Inbound to,Red,Evening,0.7188918942063233
ABB,GDK,Outbound to,Red,Morning,0.7188918942063233
GRA,PAR,Outbound to,Green,Morning,0.7188918942063233
MUS,FOU,Outbound to,Red,Evening,0.7188918942063233
GOL,RIA,Outbound to,Red,Evening,0.7188918942063233
FOU,BUS,Inbound to,Red,Morning,0.7188918942063229
HAR,CHA,Inbound to,Green,Morning,0.7181584631870103
STI,BAL,Outbound to,Green,Morning,0.7167081061479949
FAT,JAM,Inbound to,Red,Morning,0.7155762430958498
HAR,DAW,Inbound to,Green,Evening,0.7154401145198809
MYS,GDK,Outbound to,Red,Midday,0.715017250940006
KIL,BAL,Inbound to,Green,Evening,0.7149432695631376
SUI,BLU,Outbound to,Red,Midday,0.7148043476326739
BLU,BLA,Inbound to,Red,Midday,0.714444151654217
BRD,DOM,Outbound to,Green,Midday,0.7141663749103967
KYL,RED,Outbound to,Red,Morning,0.7134008972432064
KIN,RED,Outbound to,Red,Midday,0.7129993376964354
GLE,CPK,Inbound to,Green,Evening,0.7127023698397033
BAL,KIL,Outbound to,Green,Evening,0.7126816771039735
CAB,PHI,Outbound to,Green,Night,0.7124393093206516
GLE,CPK,Inbound to,Green,Midday,0.7120984244110984
BRD,DOM,Outbound to,Green,Night,0.7097013911187959
JER,FOU,Outbound to,Red,Morning,0.7092168367243659
OUP,BRD,Inbound to,Green,Midday,0.7086606851397442
WIN,MIL,Outbound to,Green,Morning,0.7083651870134001
KIN,FET,Outbound to,Red,Midday,0.707209162608199
RIA,JAM,Outbound to,Red,Morning,0.7071657042966191
BUS,JER,Outbound to,Red,Morning,0.7071067811865476
OGP,DAW,Inbound to,Green,Morning,0.7071067811865476
OUP,OGP,Inbound to,Green,Night,0.7071067811865476
BEL,KYL,Inbound to,Red,Morning,0.7071067811865476
KIN,FET,Inbound to,Red,Midday,0.7071067811865476
KYL,RED,Inbound to,Red,Night,0.7071067811865476
JAM,ABB,Inbound to,Red,Morning,0.7071067811865476
JAM,HEU,Outbound to,Red,Morning,0.7071067811865476
RIA,GOL,Inbound to,Red,Night,0.7071067811865476
RED,KIN,Inbound to,Red,Night,0.7071067811865476
DOM,MAR,Outbound to,Green,Midday,0.7071067811865476
KIN,FET,Inbound to,Red,Evening,0.7071067811865476
DOM,OGP,Inbound to,Green,Morning,0.7071067811865476
SAN,CPK,Inbound to,Green,Midday,0.7071067811865475
JAM,SUI,Inbound to,Red,Midday,0.7071067811865475
HOS,BEL,Outbound to,Red,Midday,0.7071067811865475
BLA,FAT,Inbound to,Red,Midday,0.7071067811865475
WIN,DUN,Inbound to,Green,Night,0.7071067811865475
KYL,DRI,Inbound to,Red,Evening,0.7071067811865475
HEU,SMI,Outbound to,Red,Morning,0.7071067811865475
BAL,WIN,Inbound to,Green,Evening,0.7070105660893734
KYL,RED,Outbound to,Red,Night,0.7067772175091717
CVN,FET,Inbound to,Red,Evening,0.7064522415108393
BEL,KIN,Outbound to,Red,Morning,0.7062178328915769
DAW,TRY,Outbound to,Green,Morning,0.7060357398312692
BEL,CVN,Outbound to,Red,Morning,0.7057998624287483
GLE,CPK,Inbound to,Green,Night,0.7057906196795886
RIA,JAM,Inbound to,Red,Morning,0.7055493960536916
MIL,WIN,Outbound to,Green,Midday,0.7055179904960339
BLU,BLA,Inbound to,Red,Morning,0.7033425716820457
GDK,ABB,Outbound to,Red,Morning,0.7012965240026007
LAU,CCK,Outbound to,Green,Morning,0.7012142246766596
BRO,CAB,Outbound to,Green,Morning,0.6999407537791204
CVN,FOR,Outbound to,Red,Evening,0.6995003333357346
SMI,MUS,Inbound to,Red,Morning,0.6992664627517046
KIL,SAN,Outbound to,Green,Night,0.6992297424756888
CVN,FET,Inbound to,Red,Night,0.6987481720451997
FET,CIT,Outbound to,Red,Midday,0.6978762649887976
RAN,HAR,Inbound to,Green,Morning,0.6973455359715534
SMI,MUS,Outbound to,Red,Evening,0.6966177071354961
LAU,CHE,Outbound to,Green,Evening,0.6962996518780995
HOS,BEL,Inbound to,Red,Morning,0.6956171310464297
FAT,SUI,Inbound to,Red,Night,0.6953216681667718
KIL,DUN,Outbound to,Green,Midday,0.6953216681667718
DAW,MAR,Outbound to,Green,Morning,0.6953216681667718
ABB,SMI,Inbound to,Red,Morning,0.6953216681667718
GAL,BAW,Inbound to,Green,Morning,0.6953216681667717
DOM,OGP,Inbound to,Green,Night,0.6953216681667717
FOU,JER,Outbound to,Red,Evening,0.6953216681667717
CIT,FET,Outbound to,Red,Morning,0.6953216681667717
MUS,HEU,Outbound to,Red,Evening,0.6951632275435847
LEO,GAL,Inbound to,Green,Midday,0.694834622278998
MIL,COW,Inbound to,Green,Morning,0.6943411829751147
MYS,GDK,Outbound to,Red,Morning,0.6942221377210916
DUN,KIL,Outbound to,Green,Morning,0.694072375791297
MIL,WIN,Outbound to,Green,Evening,0.6926069423973498
CHA,RAN,Outbound to,Green,Night,0.6921916359460801
DOM,PAR,Outbound to,Green,Night,0.6921116284729291
BAL,KIL,Outbound to,Green,Morning,0.6915876894575661
OUP,GRA,Inbound to,Green,Midday,0.6912759176538371
BRD,PHI,Inbound to,Green,Evening,0.6909112407719133
FOU,MUS,Outbound to,Red,Night,0.6900041981949379
GLE,CPK,Inbound to,Green,Morning,0.6897443638601571
SMI,MUS,Outbound to,Red,Midday,0.6895524861649883
TAL,BEL,Inbound to,Red,Midday,0.6894643653671384
KIN,FET,Inbound to,Red,Morning,0.6894291116568837
JAM,SUI,Outbound to,Red,Evening,0.6891275631492211
SDK,MYS,Outbound to,Red,Midday,0.6865570853867556
MUS,HEU,Outbound to,Red,Midday,0.6857281839328723
HOS,COO,Inbound to,Red,Evening,0.6854554341096198
COO,BEL,Inbound to,Red,Midday,0.683869468274791
SUI,BLA,Inbound to,Red,Evening,0.683536555146996
DUN,SAN,Outbound to,Green,Morning,0.683536555146996
WES,DOM,Inbound to,Green,Morning,0.6835365551469959
STS,DAW,Outbound to,Green,Midday,0.6835365551469959
COO,BEL,Inbound to,Red,Morning,0.6832194964807043
FET,CVN,Outbound to,Red,Evening,0.6808375078738973
FAT,JAM,Inbound to,Red,Evening,0.6802046467586995
DOM,GRA,Inbound to,Green,Night,0.6800824446046415
RIA,SUI,Outbound to,Red,Morning,0.6784760049403729
CHA,RAN,Outbound to,Green,Midday,0.6781535111219212
MUS,JAM,Outbound to,Red,Morning,0.6764052186720588
BEE,COW,Outbound to,Green,Evening,0.6761277676180457
BRD,DOM,Outbound to,Green,Morning,0.6760603659740115
GRA,CAB,Inbound to,Green,Evening,0.6753007998235431
MIL,WIN,Outbound to,Green,Night,0.675210515839991
DRI,KYL,Outbound to,Red,Midday,0.6739737849535518
BLA,SUI,Inbound to,Red,Evening,0.6718544973989985
FAT,SMI,Inbound to,Red,Midday,0.6717514421272206
BAL,CPK,Outbound to,Green,Morning,0.6717514421272203
ABB,FOU,Outbound to,Red,Midday,0.6717514421272203
FOR,SAG,Inbound to,Red,Morning,0.6717514421272202
COW,RAN,Outbound to,Green,Evening,0.6717514421272202
SMI,JAM,Outbound to,Red,Morning,0.6717514421272202
GLE,LEO,Outbound to,Green,Midday,0.6712518665046082
LEO,BAW,Outbound to,Green,Morning,0.6703015233429166
FOR,CVN,Inbound to,Red,Midday,0.6701438479803633
CPK,GAL,Outbound to,Green,Night,0.6698059380882947
CCK,BAW,Outbound to,Green,Morning,0.6691364769934914
MYS,ABB,Outbound to,Red,Evening,0.6688289291224228
HOS,COO,Inbound to,Red,Night,0.6685249187786226
FOU,SMI,Inbound to,Red,Morning,0.667295553495818
COO,BEL,Inbound to,Red,Night,0.6665157299521925
PAR,MAR,Outbound to,Green,Night,0.6663098641755746
MIL,COW,Inbound to,Green,Midday,0.6659971149049064
BAW,CCK,Outbound to,Green,Midday,0.6658229280789526
BEE,COW,Outbound to,Green,Midday,0.6657810565347373
DRI,SUI,Inbound to,Red,Morning,0.665083611576612
JAM,SUI,Outbound to,Red,Midday,0.6648957108392333
RAN,BEE,Outbound to,Green,Evening,0.6642380905169415
CVN,FET,Inbound to,Red,Midday,0.6640397896375333
RIA,DRI,Outbound to,Red,Midday,0.663461143553652
CHE,CCK,Outbound to,Green,Morning,0.6621225378030331
GAL,CPK,Outbound to,Green,Morning,0.6604627716230455
MUS,SMI,Outbound to,Red,Midday,0.6599663291074443
SAN,CPK,Inbound to,Green,Evening,0.6599663291074443
GRA,CAB,Outbound to,Green,Morning,0.6599663291074443
CAB,PHI,Outbound to,Green,Midday,0.6596732531981044
GDK,ABB,Inbound to,Red,Evening,0.6592394672569849
GRA,DOM,Outbound to,Green,Evening,0.6592230874652956
BRD,PHI,Inbound to,Green,Morning,0.6586827975692778
JER,SMI,Outbound to,Red,Night,0.6581873096124439
COW,MIL,Outbound to,Green,Evening,0.6573762765158471
KYL,BLU,Outbound to,Red,Evening,0.6568281507627233
SUI,DRI,Inbound to,Red,Midday,0.6567823129850993
CPK,STI,Inbound to,Green,Morning,0.6557482700123363
GDK,ABB,Outbound to,Red,Midday,0.6546386589812099
SAG,FOR,Inbound to,Red,Morning,0.6540232223054793
BRO,PHI,Outbound to,Green,Morning,0.6538621320484302
KYL,BLU,Inbound to,Red,Night,0.6532983128649944
BAW,CCK,Outbound to,Green,Evening,0.6526807040910421
LEO,BAW,Outbound to,Green,Evening,0.6511026256585772
CON,ABB,Outbound to,Red,Midday,0.6503182207559881
TPT,MYS,Outbound to,Red,Evening,0.6496708060290927
GLE,GAL,Outbound to,Green,Night,0.6495208399049391
BRO,PHI,Outbound to,Green,Midday,0.6494743027414188
HOS,COO,Outbound to,Red,Midday,0.6493373633615246
MIL,COW,Inbound to,Green,Evening,0.6488800050133792
TAL,BEL,Inbound to,Red,Morning,0.6481812160876688
BRD,OUP,Inbound to,Green,Night,0.6481812160876684
WIN,DUN,Outbound to,Green,Morning,0.6480931868018189
SAG,FOR,Inbound to,Red,Midday,0.6475636186249415
GAL,GLE,Inbound to,Green,Night,0.6472193112067837
CIT,FET,Inbound to,Red,Midday,0.6458402304914359
COW,RAN,Outbound to,Green,Morning,0.6458390476997997
GAL,GLE,Outbound to,Green,Morning,0.6455441949568421
BRD,PHI,Inbound to,Green,Midday,0.6451546945579621
HAR,STS,Outbound to,Green,Morning,0.644857568867148
RAN,HAR,Inbound to,Green,Evening,0.6446459063854588
MUS,FOU,Inbound to,Red,Night,0.6429499687433623
RIA,JAM,Outbound to,Red,Midday,0.6422285251880867
COW,MIL,Outbound to,Green,Night,0.641706327254499
CAB,PHI,Outbound to,Green,Morning,0.6413157378084101
RIA,DRI,Inbound to,Red,Midday,0.6412151588171855
COO,KIN,Inbound to,Red,Midday,0.641204729646323
PAR,DOM,Outbound to,Green,Morning,0.6409350430040706
BAL,DUN,Inbound to,Green,Morning,0.6402802171502829
RAN,BEE,Outbound to,Green,Night,0.6400251364185338
SAN,STI,Outbound to,Green,Morning,0.6397569433871436
LEO,GAL,Inbound to,Green,Night,0.6396964010996232
GLE,SAN,Outbound to,Green,Morning,0.6385186220080453
BAW,CCK,Outbound to,Green,Night,0.6331075251435916
CVN,FOR,Outbound to,Red,Morning,0.6323454838944661
BAW,GAL,Inbound to,Green,Morning,0.6314529489243867
CVN,CIT,Outbound to,Red,Midday,0.6304797278280722
BEE,COW,Outbound to,Green,Night,0.6299271389512374
BRO,PHI,Outbound to,Green,Evening,0.6295142910985901
MIL,COW,Inbound to,Green,Night,0.6283219320008168
FET,CVN,Outbound to,Red,Midday,0.6279589159019313
GRA,DOM,Inbound to,Green,Night,0.6275274257071385
RAN,BEE,Outbound to,Green,Midday,0.6274527623057705
KYL,BLA,Inbound to,Red,Night,0.6257183129622127
CIT,FET,Outbound to,Red,Midday,0.6256321599250639
FAT,JAM,Inbound to,Red,Night,0.6255439522104228
MUS,SMI,Inbound to,Red,Night,0.6228692849870697
MIL,COW,Outbound to,Green,Morning,0.6217779129589983
BLA,GOL,Inbound to,Red,Midday,0.6207482963831318
BAL,KIL,Outbound to,Green,Midday,0.6190793950144499
HOS,COO,Inbound to,Red,Morning,0.6175486587088301
SMI,MUS,Outbound to,Red,Night,0.6175290932142211
BEE,RAN,Inbound to,Green,Night,0.6174129660187951
GLE,SAN,Inbound to,Green,Evening,0.615342579351372
GLE,STI,Inbound to,Green,Midday,0.6135069959032181
LAU,CHE,Outbound to,Green,Midday,0.6130767529516588
GAL,GLE,Inbound to,Green,Midday,0.6110214110633948
BAL,WIN,Inbound to,Green,Morning,0.610191561613562
BEE,RAN,Inbound to,Green,Evening,0.6097694352523485
GRA,CAB,Inbound to,Green,Midday,0.6097312109516081
GOL,BLU,Outbound to,Red,Evening,0.6091853355904141
KIN,FET,Outbound to,Red,Morning,0.6055360481812914
RIA,SUI,Inbound to,Red,Evening,0.6051327467852768
BRD,DOM,Inbound to,Green,Morning,0.6049469824764652
GRA,BRD,Inbound to,Green,Midday,0.6045525971450257
BAL,DUN,Inbound to,Green,Midday,0.6044807581796947
BLU,DRI,Outbound to,Red,Evening,0.6035503872715652
SMI,MUS,Outbound to,Red,Morning,0.6032415782525358
MYS,ABB,Outbound to,Red,Midday,0.6026923525689202
JER,FOU,Outbound to,Red,Night,0.6023053463516903
GOL,FAT,Inbound to,Red,Night,0.602041953101974
CCK,LAU,Outbound to,Green,Morning,0.601317325645174
BLU,DRI,Inbound to,Red,Night,0.6007178045673122
CHE,LAU,Inbound to,Green,Night,0.600028810141017
COW,MIL,Outbound to,Green,Midday,0.5999265919930434
SMI,MUS,Inbound to,Red,Evening,0.5996942776879083
JAM,FAT,Inbound to,Red,Evening,0.5988778190205436
DRI,RIA,Inbound to,Red,Evening,0.5979892330548432
FAT,MUS,Inbound to,Red,Night,0.5977376709883375
BEL,COO,Inbound to,Red,Midday,0.5976608340833858
STS,WES,Inbound to,Green,Evening,0.5968280352862988
CHE,LAU,Inbound to,Green,Morning,0.5963444097263627
DRI,BLA,Inbound to,Red,Evening,0.5962413200869502
GLE,SAN,Inbound to,Green,Morning,0.5955392960996738
HOS,COO,Outbound to,Red,Evening,0.5953223161134454
GRA,BRD,Inbound to,Green,Evening,0.5940526975044174
DAW,TRY,Outbound to,Green,Evening,0.5935692018549068
BEE,RAN,Inbound to,Green,Morning,0.5932289600049229
MIL,RAN,Outbound to,Green,Morning,0.592303273245484
FOR,CIT,Inbound to,Red,Evening,0.5916418259994884
DUN,MIL,Inbound to,Green,Morning,0.5900829402946685
FET,CIT,Outbound to,Red,Morning,0.5899937925770973
FOU,SMI,Inbound to,Red,Midday,0.5893720814124318
LEO,GAL,Outbound to,Green,Evening,0.5893229331416427
BAW,LEO,Outbound to,Green,Midday,0.5872093449655027
DOM,MAR,Outbound to,Green,Morning,0.5870319294097772
DUN,MIL,Inbound to,Green,Night,0.5839582496591614
BLA,RIA,Inbound to,Red,Midday,0.5838622314542048
LEO,BAW,Outbound to,Green,Night,0.5830696345044273
JAM,RIA,Inbound to,Red,Midday,0.5824242899459625
WIN,BEE,Inbound to,Green,Morning,0.582221162000731
DOM,OUP,Inbound to,Green,Night,0.582221162000731
DRI,BLU,Inbound to,Red,Morning,0.582221162000731
FET,CVN,Inbound to,Red,Evening,0.5809911254686817
BEE,RAN,Inbound to,Green,Midday,0.5803285755919388
SUI,FAT,Inbound to,Red,Morning,0.5801886612180505
BLA,GOL,Inbound to,Red,Morning,0.5793545678895693
SAN,GAL,Outbound to,Green,Evening,0.5787204257409237
ABB,FOU,Inbound to,Red,Midday,0.5785287019153851
JAM,GOL,Outbound to,Red,Morning,0.5783117190965824
LAU,CCK,Outbound to,Green,Evening,0.5781371638446366
CHE,LAU,Inbound to,Green,Midday,0.5781113500121097
BAL,KIL,Outbound to,Green,Night,0.578018194579155
COO,BEL,Outbound to,Red,Midday,0.5775907817054484
CPK,STI,Outbound to,Green,Morning,0.5775907817054484
RAN,HAR,Outbound to,Green,Morning,0.5774304511592075
BLA,BLU,Inbound to,Red,Night,0.5773502691896258
BEE,RAN,Outbound to,Green,Evening,0.5767729880038558
FOR,CIT,Inbound to,Red,Morning,0.5765384533164915
SUI,FAT,Inbound to,Red,Midday,0.575987852414188
CIT,FOR,Inbound to,Red,Evening,0.5753164297631002
FOU,JER,Outbound to,Red,Morning,0.5733652937444128
LAU,CHE,Outbound to,Green,Night,0.573243573058154
LAU,CCK,Inbound to,Green,Morning,0.5732327820914076
STS,TRY,Outbound to,Green,Morning,0.5725996597714413
KIN,HOS,Outbound to,Red,Midday,0.5725996597714413
CHE,CCK,Outbound to,Green,Evening,0.5725996597714413
JAM,GOL,Outbound to,Red,Midday,0.5725996597714413
FOR,CIT,Inbound to,Red,Midday,0.5722613321104056
MIL,DUN,Outbound to,Green,Night,0.5713207923033731
CHA,BEE,Outbound to,Green,Morning,0.5712940881244603
GRA,DOM,Inbound to,Green,Morning,0.570909839514411
WIN,COW,Inbound to,Green,Morning,0.5706942232868015
GLE,CPK,Outbound to,Green,Morning,0.5683187284195764
TPT,GDK,Outbound to,Red,Midday,0.5679723519614248
BRD,PHI,Inbound to,Green,Night,0.5679690059541682
OUP,WES,Inbound to,Green,Morning,0.567727764703132
HOS,BEL,Inbound to,Red,Evening,0.5671244626962442
CAB,GRA,Outbound to,Green,Evening,0.5670322640801924
LEO,BAW,Outbound to,Green,Midday,0.5655715366799646
BEL,FET,Inbound to,Red,Evening,0.5644564740625366
FET,BEL,Outbound to,Red,Midday,0.5634713834792322
RIA,GOL,Outbound to,Red,Evening,0.5630437396985245
DRI,RIA,Outbound to,Red,Morning,0.562978191801818
GRA,CAB,Inbound to,Green,Night,0.5594332507310458
LAU,CCK,Inbound to,Green,Night,0.5585388022209982
JER,ABB,Outbound to,Red,Evening,0.5583540626334327
DRI,BLA,Inbound to,Red,Midday,0.5583216993328096
CIT,CVN,Inbound to,Red,Evening,0.5581510866033497
LEO,BAW,Inbound to,Green,Morning,0.5581052602166381
LAU,CCK,Inbound to,Green,Evening,0.5580911547187661
RIA,JAM,Inbound to,Red,Evening,0.5572341874169444
FAT,SUI,Inbound to,Red,Midday,0.5540030400433912
MUS,FOU,Outbound to,Red,Morning,0.5533567598789263
GRA,DOM,Outbound to,Green,Morning,0.5526455171999489
GAL,GLE,Inbound to,Green,Morning,0.5515053544266236
BRD,DOM,Inbound to,Green,Evening,0.5514960934141728
RIA,GOL,Outbound to,Red,Midday,0.5512513962005582
BAL,DUN,Inbound to,Green,Evening,0.5510900396516654
BAW,LEO,Inbound to,Green,Morning,0.550109913382551
CIT,BEL,Inbound to,Red,Evening,0.5484827557301445
CCK,LAU,Outbound to,Green,Evening,0.5476278905396397
PHI,GRA,Inbound to,Green,Midday,0.5472461483385703
MIL,DUN,Outbound to,Green,Evening,0.5468752909710892
MUS,HEU,Outbound to,Red,Morning,0.5466370334946292
BEE,CHA,Outbound to,Green,Morning,0.5453324467547117
MUS,HEU,Outbound to,Red,Night,0.5446673901012844
GDK,SDK,Inbound to,Red,Evening,0.5443575013156979
CAB,BRD,Outbound to,Green,Morning,0.5437353659163142
BEE,MIL,Outbound to,Green,Morning,0.5423378385275645
LAU,CCK,Inbound to,Green,Midday,0.5396183655142825
CHE,LAU,Inbound to,Green,Evening,0.5386934033942523
DRI,SUI,Inbound to,Red,Night,0.5374659760548784
DRI,SUI,Inbound to,Red,Midday,0.5358668107359345
CIT,CVN,Inbound to,Red,Midday,0.5357789074579239
BLA,GOL,Inbound to,Red,Evening,0.5350756114301415
WIN,MIL,Inbound to,Green,Evening,0.534808491061993
BLU,BLA,Inbound to,Red,Night,0.5316967069480601
TPT,MYS,Outbound to,Red,Midday,0.5312091063312036
GAL,GLE,Inbound to,Green,Evening,0.5298729211732912
DUN,MIL,Outbound to,Green,Evening,0.5288089341991953
DUN,MIL,Inbound to,Green,Midday,0.5280922010147814
FOR,SAG,Inbound to,Red,Evening,0.5278738425521705
BAW,GAL,Inbound to,Green,Evening,0.5278713805177682
BAL,SAN,Outbound to,Green,Morning,0.5242573625512551
MIL,BEE,Outbound to,Green,Morning,0.5234072913547271
CCK,BAW,Inbound to,Green,Morning,0.5229867387091562
WIN,DUN,Outbound to,Green,Evening,0.522288138474015
BAW,GAL,Inbound to,Green,Night,0.519493009300867
GRA,DOM,Inbound to,Green,Evening,0.5180384064261825
BAL,DUN,Inbound to,Green,Night,0.5173142459260363
CPK,STI,Inbound to,Green,Midday,0.5172082795450703
BEE,RAN,Outbound to,Green,Midday,0.5169117534880101
DUN,WIN,Inbound to,Green,Morning,0.5168838743361129
SUI,FAT,Inbound to,Red,Evening,0.5156871158011288
DUN,WIN,Inbound to,Green,Evening,0.5155351386688662
KYL,RED,Inbound to,Red,Morning,0.5153387954288654
CAB,GRA,Outbound to,Green,Night,0.5140006648750968
BAW,GAL,Inbound to,Green,Midday,0.5139776121932528
CHA,HAR,Outbound to,Green,Evening,0.5135168384962566
RAN,HAR,Inbound to,Green,Midday,0.5133036754224886
BRD,DOM,Inbound to,Green,Night,0.5129907416107201
GRA,DOM,Outbound to,Green,Midday,0.5129046385869068
GRA,DOM,Inbound to,Green,Midday,0.5126149638686324
BLA,GOL,Inbound to,Red,Night,0.5125460644335821
RAN,COW,Outbound to,Green,Evening,0.5112532300577932
BAW,LEO,Inbound to,Green,Evening,0.5108536867959588
KIN,CVN,Outbound to,Red,Morning,0.5102026830230324
CVN,FET,Inbound to,Red,Morning,0.5083357439284045
CAB,GRA,Outbound to,Green,Midday,0.5075163505362842
RIA,GOL,Inbound to,Red,Morning,0.5060743526284389
FOU,SMI,Inbound to,Red,Evening,0.5054637480917943
CPK,STI,Inbound to,Green,Evening,0.5054151641986868
GRA,DOM,Outbound to,Green,Night,0.5039623335267726
WIN,DUN,Outbound to,Green,Midday,0.5039282038810983
KIL,CPK,Outbound to,Green,Evening,0.5035718976319629
LAU,BAW,Outbound to,Green,Midday,0.5034095392834895
SAN,STI,Outbound to,Green,Midday,0.5031156936236215
CCK,LAU,Inbound to,Green,Morning,0.5022963142424871
RED,KIN,Inbound to,Red,Morning,0.5020570849473048
RIA,DRI,Inbound to,Red,Morning,0.5017317254764809
COO,BEL,Outbound to,Red,Morning,0.5013814989136256
FET,CVN,Outbound to,Red,Night,0.4978565165899821
BAL,DUN,Outbound to,Green,Morning,0.4973541232936232
MIL,BEE,Outbound to,Green,Midday,0.49728429159452303
DUN,WIN,Inbound to,Green,Night,0.49657949078164215
BEL,FET,Outbound to,Red,Night,0.4965489367231054
BRO,PHI,Outbound to,Green,Night,0.4952344099178183
GOL,BLA,Inbound to,Red,Evening,0.49450686247719255
WIN,MIL,Inbound to,Green,Midday,0.4923236831249816
WIN,MIL,Inbound to,Green,Morning,0.49116126449767267
CAB,BRD,Outbound to,Green,Night,0.49040127617238594
DUN,WIN,Outbound to,Green,Evening,0.4903255063128973
MYS,ABB,Outbound to,Red,Night,0.4894669211120899
GOL,KYL,Outbound to,Red,Morning,0.48941924578793394
GOL,DRI,Inbound to,Red,Midday,0.48677620857276477
PHI,GRA,Inbound to,Green,Evening,0.48655174486767666
BAW,GAL,Outbound to,Green,Midday,0.4839077046985992
KIL,DUN,Inbound to,Green,Night,0.48363263569643444
BAW,LEO,Inbound to,Green,Midday,0.4829156850130918
BEL,FET,Inbound to,Red,Midday,0.4817022285987859
BRD,DOM,Inbound to,Green,Midday,0.47869070539862707
CAB,GRA,Outbound to,Green,Morning,0.4775050706240893
SDK,GDK,Outbound to,Red,Midday,0.47715029202711784
MIL,DUN,Outbound to,Green,Midday,0.47676941430578373
DUN,WIN,Outbound to,Green,Morning,0.47644671290041374
GOL,BLU,Outbound to,Red,Midday,0.47560987321961296
DRI,SUI,Inbound to,Red,Evening,0.47337242893878195
JAM,SUI,Outbound to,Red,Morning,0.4716535339914893
BAL,SAN,Outbound to,Green,Evening,0.4703401839133014
CIT,CVN,Inbound to,Red,Morning,0.46901595046058964
COW,BEE,Outbound to,Green,Morning,0.46838470831684953
PHI,GRA,Inbound to,Green,Night,0.4681431665388276
CCK,LAU,Outbound to,Green,Night,0.46546545447180354
PHI,GRA,Inbound to,Green,Morning,0.4652400626763035
CCK,BAW,Inbound to,Green,Evening,0.464845086437086
DUN,MIL,Outbound to,Green,Morning,0.464229336037601
WIN,DUN,Outbound to,Green,Night,0.46266287330496175
BRI,LAU,Inbound to,Green,Evening,0.4620353724910335
GAL,BAW,Outbound to,Green,Night,0.4617759139193267
PHI,BRD,Outbound to,Green,Evening,0.46125957891374125
BAL,SAN,Outbound to,Green,Night,0.458553651231588
GOL,FAT,Inbound to,Red,Evening,0.4579786672474712
GOL,RIA,Inbound to,Red,Morning,0.4577953558297711
MIL,BEE,Inbound to,Green,Morning,0.4570623260901206
LEO,GLE,Inbound to,Green,Morning,0.4569066242297973
WIN,COW,Inbound to,Green,Evening,0.45609922905379213
RIA,GOL,Outbound to,Red,Night,0.45546815633908816
DRI,BLU,Inbound to,Red,Midday,0.4553701965070627
GOL,RIA,Inbound to,Red,Midday,0.45463787110602044
BAW,LEO,Inbound to,Green,Night,0.45412173418487506
TPT,MYS,Outbound to,Red,Night,0.45397288739258695
CIT,BEL,Inbound to,Red,Midday,0.45176266575807206
RED,KIN,Inbound to,Red,Evening,0.45101736847561275
DUN,WIN,Inbound to,Green,Midday,0.45079510002222145
GLE,LEO,Outbound to,Green,Night,0.45074474517558044
LEO,GAL,Outbound to,Green,Midday,0.45041734315276893
BRI,LAU,Inbound to,Green,Morning,0.44964012202524345
BAW,CCK,Inbound to,Green,Morning,0.44913497105238
CCK,BAW,Inbound to,Green,Midday,0.44859807355281905
WIN,MIL,Inbound to,Green,Night,0.4484626310937365
GAL,CPK,Inbound to,Green,Morning,0.4481191197720212
SAN,CPK,Inbound to,Green,Morning,0.44736885104898494
PHI,BRD,Outbound to,Green,Night,0.4470689270415225
GLE,CPK,Outbound to,Green,Evening,0.4470255995928273
BAL,WIN,Outbound to,Green,Evening,0.4454086762613509
CIT,CVN,Outbound to,Red,Evening,0.4448947782758944
GOL,BLU,Outbound to,Red,Night,0.4448222496476637
DRI,KYL,Outbound to,Red,Morning,0.44351954466692856
DRI,SUI,Outbound to,Red,Morning,0.4417649261768073
FAT,SUI,Inbound to,Red,Evening,0.44168238965724377
CCK,LAU,Outbound to,Green,Midday,0.44142595809613844
KIL,DUN,Inbound to,Green,Evening,0.44095850154255556
SAN,STI,Outbound to,Green,Evening,0.43725486793999346
SUI,DRI,Outbound to,Red,Night,0.43693053701059914
GOL,RIA,Inbound to,Red,Evening,0.43528810581292776
RIA,JAM,Inbound to,Red,Midday,0.4351085231174982
FAT,RIA,Inbound to,Red,Morning,0.43501464937993123
RIA,SUI,Inbound to,Red,Midday,0.43463139832328856
RED,KIN,Inbound to,Red,Midday,0.43117830844566524
CPK,STI,Inbound to,Green,Night,0.4311270389691518
FET,CVN,Inbound to,Red,Midday,0.42806963997893366
FAT,RIA,Inbound to,Red,Midday,0.4274983690485763
CCK,BAW,Inbound to,Green,Night,0.42611006574687643
SUI,DRI,Outbound to,Red,Midday,0.4248394027403059
SUI,DRI,Outbound to,Red,Evening,0.4242642650517513
SDK,GDK,Outbound to,Red,Evening,0.42161076577815915
FAT,RIA,Inbound to,Red,Evening,0.42098305396703967
BAW,LEO,Outbound to,Green,Evening,0.4190817190774156
MUS,JAM,Inbound to,Red,Midday,0.417529863134285
GOL,BLU,Outbound to,Red,Morning,0.41521735873926446
FOR,CVN,Inbound to,Red,Morning,0.41520506726480716
GLE,CPK,Outbound to,Green,Midday,0.4151734919894166
CAB,PHI,Inbound to,Green,Evening,0.41303281455849505
WIN,BAL,Outbound to,Green,Midday,0.4123909919786139
WIN,DUN,Inbound to,Green,Morning,0.40753091733871843
CHA,BEE,Inbound to,Green,Morning,0.4056088245077004
GLE,SAN,Inbound to,Green,Midday,0.4042889660997297
KIL,DUN,Inbound to,Green,Morning,0.39976286239461184
BRI,LAU,Inbound to,Green,Midday,0.3973295635493259
BRI,LAU,Inbound to,Green,Night,0.3963365974705924
BLA,SUI,Inbound to,Red,Night,0.3953800983535734
SDK,GDK,Outbound to,Red,Morning,0.3951167461873169
BEL,KIN,Outbound to,Red,Midday,0.39422424962271124
GRA,BRD,Inbound to,Green,Night,0.3909559050480178
WIN,COW,Inbound to,Green,Midday,0.38822527719427935
RIA,JAM,Inbound to,Red,Night,0.3844550483926176
GAL,GLE,Outbound to,Green,Midday,0.3839795568457734
MAR,PAR,Outbound to,Green,Morning,0.3830161731427132
KIL,DUN,Inbound to,Green,Midday,0.38216468762504613
RIA,GOL,Outbound to,Red,Morning,0.38115059672143836
PHI,BRD,Inbound to,Green,Night,0.38100699462765597
GOL,RIA,Inbound to,Red,Night,0.3809820521111636
MIL,BEE,Inbound to,Green,Night,0.3802081939774114
CVN,FOR,Outbound to,Red,Midday,0.38009454149130356
STI,SAN,Inbound to,Green,Morning,0.37889859300870365
BAL,KIL,Inbound to,Green,Evening,0.37880028199595983
SUI,GOL,Inbound to,Red,Morning,0.37806726757160125
BEE,CHA,Outbound to,Green,Evening,0.37760965180950823
CCK,BAW,Outbound to,Green,Midday,0.3763863263545405
STI,SAN,Inbound to,Green,Evening,0.37583436112163826
SUI,FAT,Inbound to,Red,Night,0.37472296040245556
LEO,GLE,Inbound to,Green,Evening,0.3703032140233095
BAL,DUN,Outbound to,Green,Evening,0.3681010644975856
SMI,HEU,Outbound to,Red,Night,0.3667807789472343
BEL,CVN,Inbound to,Red,Midday,0.3653385036130496
BEE,CHA,Inbound to,Green,Evening,0.3646244057459158
DUN,KIL,Outbound to,Green,Night,0.3618972483545404
FOU,HEU,Outbound to,Red,Morning,0.3618867239266071
TAL,COO,Inbound to,Red,Evening,0.36176710582995547
STI,KIL,Outbound to,Green,Evening,0.3612792886633078
DRI,RIA,Inbound to,Red,Night,0.3595188918924301
WES,OUP,Inbound to,Green,Midday,0.3594459471031618
BRD,OUP,Inbound to,Green,Morning,0.35944594710316163
PHI,BRD,Outbound to,Green,Morning,0.3588524879479287
RIA,SUI,Inbound to,Red,Morning,0.35878408913001225
GAL,CPK,Inbound to,Green,Midday,0.3581929316142472
BEE,CHA,Inbound to,Green,Night,0.35742426165716995
MYS,GDK,Inbound to,Red,Evening,0.356405741947902
SUI,DRI,Outbound to,Red,Morning,0.35601614002768506
BEL,CVN,Inbound to,Red,Morning,0.3535533905932739
COW,CHA,Outbound to,Green,Morning,0.3519164099615943
CAB,PHI,Inbound to,Green,Midday,0.35123218851942434
SAG,FOR,Inbound to,Red,Night,0.35033289157690417
CAB,PHI,Inbound to,Green,Night,0.3501871408062787
PHI,BRD,Inbound to,Green,Midday,0.34894290221677937
MIL,BEE,Inbound to,Green,Midday,0.34783373168447
FAT,GOL,Inbound to,Red,Morning,0.3465795298167448
PHI,BRD,Outbound to,Green,Midday,0.345146359137362
KYL,BLU,Outbound to,Red,Morning,0.34446089074150255
FOR,SAG,Inbound to,Red,Midday,0.34388046621455165
COW,WIN,Outbound to,Green,Evening,0.34368536719759935
FAT,GOL,Inbound to,Red,Midday,0.33877515413307036
LEO,GLE,Inbound to,Green,Midday,0.33796569217153444
HEU,MUS,Outbound to,Red,Morning,0.3378266523542304
CHA,BEE,Outbound to,Green,Evening,0.33761507439180793
BLU,KYL,Inbound to,Red,Evening,0.33592599658239514
RAN,CHA,Outbound to,Green,Morning,0.33483921734030125
RAN,CHA,Outbound to,Green,Evening,0.3336551059468735
DUN,KIL,Outbound to,Green,Evening,0.33329790891070243
PHI,DOM,Inbound to,Green,Night,0.33186870207777147
WIN,BAL,Outbound to,Green,Night,0.3301568781711907
DUN,KIL,Outbound to,Green,Midday,0.3294999019741713
BEE,CHA,Inbound to,Green,Midday,0.31843585797236934
COO,HOS,Inbound to,Red,Evening,0.31739273834486026
WIN,MIL,Outbound to,Green,Midday,0.3139791624848853
DOM,MAR,Outbound to,Green,Night,0.30838538581424374
SAN,BAL,Outbound to,Green,Evening,0.3064129385141705
BEE,CHA,Inbound to,Green,Morning,0.3051270266440362
COW,RAN,Inbound to,Green,Morning,0.30413449360303857
KIL,BAL,Outbound to,Green,Morning,0.30248764287548907
ABB,FOU,Inbound to,Red,Morning,0.3016232905461201
TAL,COO,Inbound to,Red,Midday,0.3002567925181352
TPT,MYS,Outbound to,Red,Morning,0.29846999329192214
SUI,BLA,Inbound to,Red,Midday,0.29825043381574734
JAM,RIA,Inbound to,Red,Evening,0.2970031375102534
STI,SAN,Inbound to,Green,Midday,0.29677905648199243
LAU,BAW,Outbound to,Green,Morning,0.29591222759152513
SDK,GDK,Outbound to,Red,Night,0.29542396830771706
GOL,DRI,Inbound to,Red,Morning,0.2939951517319069
PHI,DOM,Inbound to,Green,Morning,0.2938604285564906
COW,RAN,Inbound to,Green,Night,0.29355246070923036
CVN,FET,Outbound to,Red,Midday,0.2931177032124473
RIA,DRI,Outbound to,Red,Morning,0.291869677536401
SUI,DRI,Inbound to,Red,Night,0.2911801497863988
CCK,LEO,Outbound to,Green,Morning,0.2908377431280949
MIL,WIN,Inbound to,Green,Morning,0.2897399159260026
LEO,GAL,Outbound to,Green,Morning,0.2893095804829041
BRD,PAR,Outbound to,Green,Night,0.2887974282239593
CHE,CCK,Outbound to,Green,Midday,0.2886751345948129
GRA,BRD,Inbound to,Green,Morning,0.28816011518788215
LEO,GLE,Inbound to,Green,Night,0.28804025145348733
LEO,GLE,Outbound to,Green,Morning,0.28723663717317777
KYL,BLU,Outbound to,Red,Midday,0.2870686408675551
HOS,TAL,Inbound to,Red,Evening,0.28583975544402684
BAL,DUN,Outbound to,Green,Night,0.28408468481038623
BUS,CON,Outbound to,Red,Midday,0.2840283707914279
WIN,COW,Inbound to,Green,Night,0.2834287989972494
SAN,STI,Outbound to,Green,Night,0.28316903068977795
GOL,DRI,Inbound to,Red,Night,0.28233513961317847
TAL,COO,Inbound to,Red,Night,0.282164977355441
LAU,BAW,Outbound to,Green,Evening,0.2814890959009089
SUI,GOL,Inbound to,Red,Night,0.2789477653614962
CHA,BEE,Outbound to,Green,Midday,0.27883376561569667
GLE,SAN,Inbound to,Green,Night,0.2785989934101137
MIL,BEE,Inbound to,Green,Evening,0.2785962264013432
KYL,RED,Inbound to,Red,Midday,0.27742718069285977
PHI,BRD,Inbound to,Green,Morning,0.27559082643733224
SDK,GDK,Inbound to,Red,Evening,0.2747422060295977
RAN,CHA,Outbound to,Green,Midday,0.27207234569578337
GOL,SUI,Outbound to,Red,Evening,0.27134469272436423
CPK,STI,Outbound to,Green,Evening,0.2695546739016451
KIL,STI,Inbound to,Green,Morning,0.267050681960357
WIN,MIL,Outbound to,Green,Evening,0.26664036086279874
CAB,PHI,Inbound to,Green,Morning,0.2591438146572546
CIT,FET,Outbound to,Red,Evening,0.2558925565098879
BAL,WIN,Inbound to,Green,Midday,0.25458944728360505
JAM,SUI,Outbound to,Red,Night,0.25234899709331904
BAW,GAL,Outbound to,Green,Morning,0.2514018382481706
GAL,CPK,Inbound to,Green,Evening,0.2509973336411387
CHA,RAN,Inbound to,Green,Morning,0.2443874409491572
CVN,CIT,Inbound to,Red,Midday,0.24434515865112977
FOU,MUS,Inbound to,Red,Morning,0.23570226039551587
FOU,MUS,Inbound to,Red,Midday,0.2349813908844218
BLU,KYL,Inbound to,Red,Night,0.23172773511181835
GDK,SDK,Inbound to,Red,Night,0.23151483247130544
FOU,SMI,Inbound to,Red,Night,0.22977636426223813
GOL,DRI,Inbound to,Red,Evening,0.22717593906613773
COW,BEE,Outbound to,Green,Evening,0.226302031189862
SDK,TPT,Outbound to,Red,Night,0.22530039573566898
BEE,COW,Inbound to,Green,Morning,0.2247325158380429
DRI,GOL,Outbound to,Red,Evening,0.22370540742055545
RAN,BEE,Inbound to,Green,Morning,0.22057566273873416
SUI,RIA,Outbound to,Red,Morning,0.21807942715741999
SUI,RIA,Outbound to,Red,Midday,0.21775296546211975
KIL,BAL,Outbound to,Green,Evening,0.2172438049677561
FOR,CIT,Outbound to,Red,Midday,0.21653822024026007
RAN,COW,Outbound to,Green,Midday,0.21652798033268536
STI,SAN,Inbound to,Green,Night,0.21622936611524723
RIA,SUI,Inbound to,Red,Night,0.2157366404542569
COW,RAN,Inbound to,Green,Evening,0.21474272744786269
KIL,STI,Inbound to,Green,Midday,0.21187407063569783
CPK,GLE,Inbound to,Green,Morning,0.2103417513831211
COW,WIN,Outbound to,Green,Night,0.20914232846341205
FAT,RIA,Inbound to,Red,Night,0.20815417446221599
HEU,MUS,Outbound to,Red,Midday,0.20781066652996275
PHI,DOM,Inbound to,Green,Midday,0.2059918333905706
CHE,CCK,Inbound to,Green,Evening,0.20587900386130406
GOL,SUI,Outbound to,Red,Midday,0.20511456168057415
BEE,RAN,Outbound to,Green,Night,0.20374324319548018
CVN,FET,Outbound to,Red,Morning,0.20338447521737085
RIA,DRI,Outbound to,Red,Evening,0.19986182142987466
TAL,COO,Inbound to,Red,Morning,0.19727199558433414
COW,RAN,Inbound to,Green,Midday,0.19721219668568077
BUS,CON,Outbound to,Red,Morning,0.1964185189521076
OUP,PHI,Inbound to,Green,Midday,0.19391371269298005
CAB,BRD,Outbound to,Green,Midday,0.1921350078808406
DRI,GOL,Outbound to,Red,Midday,0.19192917610846294
HOS,COO,Outbound to,Red,Night,0.18986988593154344
MIL,COW,Outbound to,Green,Evening,0.18958681790949655
DAW,HAR,Outbound to,Green,Night,0.18856180831641278
DUN,WIN,Outbound to,Green,Midday,0.18856180831641267
BAL,KIL,Inbound to,Green,Morning,0.1876286114808026
DRI,KYL,Outbound to,Red,Night,0.18255459776897998
JAM,FAT,Inbound to,Red,Night,0.18124512197210474
FET,CVN,Inbound to,Red,Morning,0.17978459134571612
CIT,CVN,Outbound to,Red,Midday,0.17919074466396134
DRI,BLA,Inbound to,Red,Night,0.1781504406854454
BAL,KIL,Inbound to,Green,Midday,0.1775859402895584
HOS,TAL,Inbound to,Red,Morning,0.17143409960730216
BAL,WIN,Inbound to,Green,Night,0.16835696535055986
GOL,SUI,Outbound to,Red,Morning,0.16455075809480157
MIL,WIN,Inbound to,Green,Midday,0.16379943756800183
CIT,CVN,Outbound to,Red,Morning,0.16286056072770488
MUS,JAM,Inbound to,Red,Morning,0.15740453183331932
BEE,COW,Inbound to,Green,Night,0.15645861282262838
PHI,CAB,Outbound to,Green,Morning,0.15642776671899275
SUI,GOL,Inbound to,Red,Evening,0.15581530003380525
CHE,BRI,Inbound to,Green,Morning,0.15553730026010962
SMI,FOU,Outbound to,Red,Night,0.15269316845768557
BRD,GRA,Outbound to,Green,Morning,0.1516826746766366
BUS,CON,Outbound to,Red,Evening,0.15166784936630356
RAN,COW,Outbound to,Green,Night,0.14986539800122883
BEE,MIL,Outbound to,Green,Evening,0.14836109371318074
PHI,CAB,Outbound to,Green,Midday,0.14562400465232397
DRI,GOL,Outbound to,Red,Morning,0.1455341440663719
HOS,TAL,Inbound to,Red,Night,0.1426765918807962
COW,WIN,Outbound to,Green,Midday,0.14252791626896236
CIT,FOR,Inbound to,Red,Midday,0.14186001192817102
SUI,GOL,Inbound to,Red,Midday,0.14141490221427327
PHI,BRD,Inbound to,Green,Evening,0.1401471370197403
COW,MIL,Inbound to,Green,Morning,0.1397727189372578
COW,MIL,Inbound to,Green,Evening,0.13821511327873287
SMI,FOU,Outbound to,Red,Morning,0.13638971715240308
BRD,GRA,Outbound to,Green,Evening,0.13431706801413473
CHA,RAN,Inbound to,Green,Midday,0.13110357575688106
SMI,FOU,Outbound to,Red,Evening,0.1302391527979543
PHI,DOM,Inbound to,Green,Evening,0.12867879251666067
DUN,BAL,Inbound to,Green,Midday,0.12146739054436469
DUN,BAL,Inbound to,Green,Morning,0.12115055105558958
KIL,BAL,Outbound to,Green,Midday,0.12078750444811759
SMI,FOU,Outbound to,Red,Midday,0.11447785218404342
BAL,DUN,Outbound to,Green,Midday,0.1134121132797669
COO,HOS,Inbound to,Red,Night,0.11155362708865012
KIL,STI,Inbound to,Green,Evening,0.11134758492734179
BEE,MIL,Outbound to,Green,Night,0.10919460737471791
GAL,CPK,Inbound to,Green,Night,0.1067150973582001
CHA,BEE,Outbound to,Green,Night,0.10575793173951727
HEU,MUS,Outbound to,Red,Evening,0.10475416881533241
GRA,PHI,Outbound to,Green,Evening,0.10395252400933881
HOS,TAL,Inbound to,Red,Midday,0.10262844791006177
MYS,SDK,Outbound to,Red,Midday,0.10112332038617959
BEE,MIL,Outbound to,Green,Midday,0.10054879474658357
GOL,SUI,Outbound to,Red,Night,0.09481140882856252
SDK,TPT,Outbound to,Red,Evening,0.0933263228896787
GAL,LEO,Inbound to,Green,Morning,0.09172794370623132
GLE,CPK,Outbound to,Green,Night,0.08707973662032864
GDK,MYS,Outbound to,Red,Night,0.08288671603973534
MIL,COW,Outbound to,Green,Night,0.08252734380986095
TPT,GDK,Outbound to,Red,Night,0.08249579113843064
MIL,COW,Outbound to,Green,Midday,0.08242714030021232
GRA,PHI,Outbound to,Green,Midday,0.08162394090105336
DRI,GOL,Outbound to,Red,Night,0.07147373842484056
COW,KIL,Outbound to,Green,Morning,0.0707106781186545
GLE,GAL,Inbound to,Green,Midday,0.070005371444483
GRA,PHI,Outbound to,Green,Night,0.06421341782244869
GDK,MYS,Outbound to,Red,Evening,0.06317822534563565
COO,HOS,Inbound to,Red,Midday,0.059546294136696716
STI,DUN,Outbound to,Green,Morning,0.05892556509887896
RAN,CHA,Outbound to,Green,Night,0.05774638226957879
SDK,TPT,Outbound to,Red,Midday,0.05249777757241738
BEE,COW,Inbound to,Green,Evening,0.05124254592156428
COW,BEE,Outbound to,Green,Midday,0.04936924538545426
CHA,HAR,Outbound to,Green,Night,0.047140452079103196
CAB,BRD,Inbound to,Green,Night,0.04714045207910317
OGP,WES,Inbound to,Green,Midday,0.04714045207910316
DRI,KYL,Inbound to,Red,Midday,0.04714045207910316
HAR,DAW,Inbound to,Green,Night,0.044095855184409845
RIA,DRI,Inbound to,Red,Evening,0.04303314829119354
GDK,MYS,Outbound to,Red,Midday,0.04260556586325263
RAN,BEE,Inbound to,Green,Evening,0.0403725401191662
CHE,CCK,Inbound to,Green,Midday,0.03692267850265109
CHE,CCK,Inbound to,Green,Night,0.03535533905932756
STS,BEE,Outbound to,Green,Evening,0.03535533905932756
FOR,FET,Inbound to,Red,Morning,0.03535533905932741
JAM,GOL,Inbound to,Red,Midday,0.03535533905932738
CVN,BEL,Outbound to,Red,Morning,0.03535533905932738
COW,CHA,Inbound to,Green,Evening,0.03535533905932733
TPT,GDK,Outbound to,Red,Evening,0.03535533905932725
GOL,RIA,Outbound to,Red,Morning,0.03469443332443558
GLE,STI,Inbound to,Green,Night,0.033333333333333215
CHE,BRI,Inbound to,Green,Night,0.032166706727825435
RAN,BEE,Inbound to,Green,Midday,0.0319941313641479
DUN,COW,Outbound to,Green,Morning,0.02886751345948129
KIL,STI,Inbound to,Green,Night,0.02886751345948129
CAB,BRD,Outbound to,Green,Evening,0.02677772753504946
STI,KIL,Outbound to,Green,Midday,0.02591083979981248
BAW,GAL,Outbound to,Green,Evening,0.025458753860865768
JER,ABB,Outbound to,Red,Morning,0.023570226039551737
ABB,SMI,Outbound to,Red,Evening,0.023570226039551737
CIT,BEL,Inbound to,Red,Morning,0.023570226039551636
RAN,MIL,Outbound to,Green,Midday,0.02357022603955162
BEL,COO,Inbound to,Red,Night,0.02357022603955162
COW,WIN,Inbound to,Green,Morning,0.023570226039551587
GRA,CAB,Outbound to,Green,Midday,0.023570226039551587
CAB,GRA,Inbound to,Green,Morning,0.023570226039551584
CAB,GRA,Inbound to,Green,Night,0.023570226039551584
HAR,STS,Outbound to,Green,Night,0.023570226039551584
HAR,RAN,Inbound to,Green,Morning,0.023570226039551584
CVN,CIT,Outbound to,Red,Night,0.02357022603955154
OGP,GRA,Inbound to,Green,Night,0.02357022603955154
CVN,FOR,Outbound to,Red,Night,0.0235702260395515
STI,DUN,Inbound to,Green,Morning,0.0235702260395515
GOL,KYL,Outbound to,Red,Night,0.0235702260395515
KIN,BLU,Inbound to,Red,Morning,0.0235702260395515
BRO,GRA,Outbound to,Green,Morning,0.0235702260395515
LAU,CHE,Inbound to,Green,Morning,0.022128487017363568
BAL,KIL,Inbound to,Green,Night,0.021877280866767435
LAU,CHE,Inbound to,Green,Midday,0.021407617506269554
STS,CHA,Inbound to,Green,Morning,0.020971762320196527
BAL,MIL,Inbound to,Green,Evening,0.020326313239628295
BAL,MIL,Inbound to,Green,Midday,0.019641855032959742
CAB,BRD,Inbound to,Green,Evening,0.019245008972987525
COW,BEE,Outbound to,Green,Night,0.01923128035207131
DUN,BAL,Inbound to,Green,Evening,0.018091256403528235
WIN,BEE,Outbound to,Green,Morning,0.017677669529663688
KIN,COO,Outbound to,Red,Night,0.017677669529663625
LAU,CHE,Inbound to,Green,Evening,0.017357463121731562
CHA,RAN,Inbound to,Green,Evening,0.01726196820900623
DUN,BAL,Inbound to,Green,Night,0.0164676772339306
GLE,GAL,Inbound to,Green,Evening,0.016249808666557897
PHI,CAB,Outbound to,Green,Night,0.01584530294267381
SDK,MYS,Inbound to,Red,Night,0.015735464494720387
CPK,GLE,Inbound to,Green,Evening,0.01465869036559781
CAB,GRA,Inbound to,Green,Midday,0.014433756729740645
CPK,GLE,Inbound to,Green,Night,0.014100512339918013
CHA,RAN,Inbound to,Green,Night,0.014045630933162419
PHI,CAB,Outbound to,Green,Evening,0.014041405443852732
CHA,COW,Inbound to,Green,Morning,0.013608276348795436
MIL,DUN,Inbound to,Green,Morning,0.013608276348795434
GAL,GLE,Outbound to,Green,Night,0.013208995951389394
GLE,GAL,Inbound to,Green,Morning,0.013084465670975622
SDK,TPT,Outbound to,Red,Morning,0.013059572833828656
GDK,MYS,Outbound to,Red,Morning,0.01294966107180695
GLE,GAL,Inbound to,Green,Night,0.012803023328963423
CPK,GLE,Inbound to,Green,Midday,0.012444130334351251
FOR,CVN,Outbound to,Red,Evening,0.011785113019775868
COW,DUN,Outbound to,Green,Midday,0.011785113019775868
FET,CIT,Outbound to,Red,Night,0.011785113019775828
GLE,SAN,Outbound to,Green,Midday,0.011785113019775794
BLA,KYL,Inbound to,Red,Evening,0.011785113019775794
DOM,OUP,Inbound to,Green,Morning,0.011785113019775792
LAU,CHE,Inbound to,Green,Night,0.011785113019775792
BEL,CIT,Inbound to,Red,Midday,0.011785113019775792
FAT,GOL,Inbound to,Red,Evening,0.011785113019775792
DOM,OUP,Inbound to,Green,Evening,0.011785113019775792
FOU,MUS,Inbound to,Red,Evening,0.011785113019775792
BAL,WIN,Outbound to,Green,Midday,0.01178511301977575
TAL,KIN,Inbound to,Red,Midday,0.01178511301977575
GLE,STI,Inbound to,Green,Evening,0.01178511301977575
LEO,GLE,Outbound to,Green,Evening,0.01178511301977575
FOR,BEL,Inbound to,Red,Midday,0.01178511301977575
DAW,STS,Inbound to,Green,Night,0.01178511301977575
CIT,FOR,Outbound to,Red,Night,0.01178511301977575
COW,MIL,Inbound to,Green,Midday,0.011675635701005674
KIL,BAL,Outbound to,Green,Night,0.011420796019287268
CIT,FOR,Inbound to,Red,Morning,0.011241338874122429
HEU,MUS,Outbound to,Red,Night,0.011111111111111112
GAL,LEO,Inbound to,Green,Night,0.011019039529889951
MUS,JAM,Outbound to,Red,Night,0.01087459504309074
CVN,CIT,Inbound to,Red,Morning,0.010703808753134777
BLU,DRI,Outbound to,Red,Midday,0.010703808753134775
GRA,PHI,Outbound to,Green,Morning,0.010562282119644037
COO,HOS,Inbound to,Red,Morning,0.010560883739948049
GAL,LEO,Inbound to,Green,Evening,0.01040410850343619
LEO,GAL,Outbound to,Green,Night,0.010320223797130152
GAL,LEO,Inbound to,Green,Midday,0.010101912902709531
CHE,LAU,Outbound to,Green,Night,0.010059223176554562
PAR,DOM,Outbound to,Green,Night,0.009622504486493764
COW,CHA,Outbound to,Green,Evening,0.009622504486493762
CVN,KIN,Inbound to,Red,Morning,0.00962250448649373
SUI,BLU,Outbound to,Red,Night,0.00962250448649373
COW,MIL,Inbound to,Green,Night,0.009467805016308327
WIN,DUN,Inbound to,Green,Evening,0.009375606889123266
WIN,DUN,Inbound to,Green,Midday,0.009360201374968156
STI,KIL,Outbound to,Green,Night,0.008908708063747479
BEE,COW,Inbound to,Green,Midday,0.008841400526871964
SUI,RIA,Outbound to,Red,Evening,0.008409766097106818
WIN,COW,Outbound to,Green,Midday,0.008333333333333325
BRD,GRA,Outbound to,Green,Midday,0.008304624592311046
RAN,BEE,Inbound to,Green,Night,0.007995282637827918
MIL,WIN,Inbound to,Green,Night,0.007643048258516094
RIA,DRI,Outbound to,Red,Night,0.007414016446645966
KYL,RED,Inbound to,Red,Evening,0.007135872502089851
SUI,RIA,Outbound to,Red,Night,0.0068639459413706
CHE,BRI,Inbound to,Green,Evening,0.006636660621998833
MIL,WIN,Inbound to,Green,Evening,0.006428839261203476
DRI,SUI,Outbound to,Red,Night,0.006415002990995841
CHE,BRI,Inbound to,Green,Midday,0.006296458668493978
MYS,GDK,Inbound to,Red,Night,0.006061327703378839
BEL,KIN,Outbound to,Red,Night,0.005892556509887896
COO,TAL,Inbound to,Red,Midday,0.005892556509887895
DRI,JAM,Inbound to,Red,Midday,0.005892556509887875
BRD,GRA,Outbound to,Green,Night,0.005314262061206551
MYS,SDK,Outbound to,Red,Evening,0.00419960525565808
SAN,KIL,Outbound to,Green,Morning,0.004166666666666652
MYS,SDK,Outbound to,Red,Night,0.0037267799624996494
MYS,SDK,Outbound to,Red,Morning,0.0037267799624996494
KYL,BLU,Outbound to,Red,Night,0.002484519974999766
GDK,ABB,Inbound to,Red,Night,0.0
MYS,ABB,Inbound to,Red,Morning,0.0
BRO,GRA,Outbound to,Green,Midday,0.0
BRD,PAR,Outbound to,Green,Evening,0.0
RAN,WIN,Outbound to,Green,Evening,0.0
FOR,CVN,Inbound to,Red,Night,0.0
CCK,LEO,Outbound to,Green,Evening,0.0
BLU,RED,Inbound to,Red,Morning,0.0
PHI,OUP,Inbound to,Green,Night,0.0
CAB,BRO,Outbound to,Green,Evening,0.0
MIL,KIL,Outbound to,Green,Morning,0.0
BLU,DRI,Outbound to,Red,Morning,0.0
FAT,DRI,Inbound to,Red,Midday,0.0
CIT,SAG,Inbound to,Red,Evening,0.0
COO,KIN,Inbound to,Red,Morning,0.0
STI,BAL,Outbound to,Green,Evening,0.0
STI,CPK,Inbound to,Green,Morning,0.0
KIL,WIN,Outbound to,Green,Morning,0.0
STI,GAL,Outbound to,Green,Evening,0.0
SUI,BLU,Inbound to,Red,Midday,0.0
STI,BAL,Outbound to,Green,Midday,0.0
ABB,SMI,Inbound to,Red,Midday,0.0
JAM,SUI,Inbound to,Red,Evening,0.0
JAM,RIA,Inbound to,Red,Night,0.0
WIN,MIL,Outbound to,Green,Night,0.0
JAM,SUI,Inbound to,Red,Morning,0.0
